work	year	book	verse	perplexity_orig	complexity_orig	wc_orig	type_token_ratio_orig	perplexity_norm	complexity_norm	wc_norm	type_token_ratio_norm
Müncheni kódex, 1466	1466	Mt	1	112.14570701446786	1150	346	0.615606936416185	97.093498715387355	1092	351	0.5669515669515669
Müncheni kódex, 1466	1466	Mt	2	190.62868244789564	1531	387	0.661498708010336	143.6669177791107	1386	416	0.5504807692307693
Müncheni kódex, 1466	1466	Mt	3	168.539949080195	1169	255	0.7843137254901961	138.88391148093928	1090	265	0.690566037735849
Müncheni kódex, 1466	1466	Mt	4	202.2472541322218	1489	349	0.7106017191977078	147.2975323414751	1388	384	0.5989583333333334
Müncheni kódex, 1466	1466	Mt	5	261.81333428037294	2520	718	0.5821727019498607	218.29851011226683	2275	742	0.5107816711590296
Müncheni kódex, 1466	1466	Mt	6	210.08894804475742	1966	557	0.5691202872531418	169.61340545352314	1714	574	0.4843205574912892
Müncheni kódex, 1466	1466	Mt	7	207.59626115967248	1646	430	0.6465116279069767	153.2157569833341	1399	461	0.5184381778741866
Müncheni kódex, 1466	1466	Mt	8	222.67281278212775	2065	521	0.6372360844529751	165.10104955468	1850	555	0.5585585585585585
Müncheni kódex, 1466	1466	Mt	9	224.5246847771919	2181	593	0.6003372681281619	172.090502402906	1946	625	0.5184
Müncheni kódex, 1466	1466	Mt	10	256.60227738008615	2295	606	0.6221122112211221	202.65731797441032	2067	635	0.5354330708661418
Müncheni kódex, 1466	1466	Mt	11	241.52507880377783	1806	432	0.6875	190.45642513320007	1643	460	0.6
Müncheni kódex, 1466	1466	Mt	12	319.20640218925973	2769	746	0.6166219839142091	233.73083398517278	2479	790	0.5151898734177215
Müncheni kódex, 1466	1466	Mt	13	318.1831382377047	3152	877	0.5895096921322691	221.0366945916775	2696	938	0.464818763326226
Müncheni kódex, 1466	1466	Mt	14	227.47557887352505	1881	478	0.698744769874477	166.72599681121875	1689	509	0.5952848722986247
Müncheni kódex, 1466	1466	Mt	15	242.1483324718445	2112	558	0.6505376344086021	181.62300345759948	1898	587	0.555366269165247
Müncheni kódex, 1466	1466	Mt	16	201.6910895993959	1768	447	0.6353467561521253	164.482730119946	1568	469	0.5565031982942431
Müncheni kódex, 1466	1466	Mt	17	233.06072563960544	1712	422	0.7109004739336493	165.15745145513873	1543	459	0.5882352941176471
Müncheni kódex, 1466	1466	Mt	18	253.98355964013655	2158	609	0.5960591133004927	200.28856469325942	1871	613	0.5024469820554649
Müncheni kódex, 1466	1466	Mt	19	233.4341141485208	1855	478	0.6464435146443515	182.72811894355803	1617	488	0.5573770491803278
Müncheni kódex, 1466	1466	Mt	20	218.3699151741237	1832	522	0.5996168582375478	179.545877229877	1656	520	0.5365384615384615
Müncheni kódex, 1466	1466	Mt	21	290.64329614466465	2903	802	0.5960099750623441	205.8855313544013	2591	831	0.49338146811071
Müncheni kódex, 1466	1466	Mt	22	255.52053081538844	2187	581	0.6506024096385542	192.4114986756834	2000	597	0.5477386934673367
Müncheni kódex, 1466	1466	Mt	23	220.82685704365616	2189	595	0.5798319327731093	168.99187506676355	1970	622	0.5016077170418006
Müncheni kódex, 1466	1466	Mt	24	273.0869877288218	2516	706	0.6005665722379604	207.02360672375252	2285	731	0.5102599179206566
Müncheni kódex, 1466	1466	Mt	25	244.93768847437278	2373	725	0.5379310344827586	185.97661391900135	2014	747	0.4404283801874163
Müncheni kódex, 1466	1466	Mt	26	359.34615460388886	3886	1162	0.5352839931153184	273.79965845791844	3528	1176	0.4736394557823129
Müncheni kódex, 1466	1466	Mt	27	331.7733499213936	3485	1002	0.5718562874251497	252.70415745949015	3167	1005	0.49950248756218907
Müncheni kódex, 1466	1466	Mt	28	166.9501505223884	1234	297	0.7104377104377104	122.19976785179395	1105	311	0.5980707395498392
Müncheni kódex, 1466	1466	Mk	1	300.3163126763551	2742	708	0.6497175141242938	204.83263421218504	2507	733	0.5607094133697135
Müncheni kódex, 1466	1466	Mk	2	206.4774541608882	1799	502	0.6095617529880478	159.97788206202569	1605	521	0.5297504798464492
Müncheni kódex, 1466	1466	Mk	3	205.32913971072065	1841	464	0.646551724137931	146.3768210183231	1664	483	0.5693581780538303
Müncheni kódex, 1466	1466	Mk	4	238.04315140940167	2155	609	0.6042692939244664	153.03379398477324	1867	649	0.48536209553158705
Müncheni kódex, 1466	1466	Mk	5	226.77399398054223	2291	639	0.593114241001565	151.1073016034099	2052	680	0.48676470588235293
Müncheni kódex, 1466	1466	Mk	6	298.89195664387955	3161	892	0.5829596412556054	194.85441616719814	2794	922	0.49023861171366595
Müncheni kódex, 1466	1466	Mk	7	244.6675835194115	2176	558	0.6451612903225806	184.81724542135612	1922	562	0.5569395017793595
Müncheni kódex, 1466	1466	Mk	8	248.80286164587758	2113	568	0.6373239436619719	181.53837015002694	1903	587	0.5519591141396933
Müncheni kódex, 1466	1466	Mk	9	311.607132607161	2866	837	0.5902031063321386	234.76804454878786	2508	825	0.5163636363636364
Müncheni kódex, 1466	1466	Mk	10	313.9029581562974	2860	819	0.5946275946275946	224.7478271613185	2607	837	0.5101553166069295
Müncheni kódex, 1466	1466	Mk	11	226.84574261872774	1930	543	0.6132596685082873	162.4339171771642	1722	540	0.5166666666666667
Müncheni kódex, 1466	1466	Mk	12	306.1314743755259	2676	724	0.6298342541436464	214.75822278958614	2404	757	0.523117569352708
Müncheni kódex, 1466	1466	Mk	13	254.42991429773176	2074	540	0.6666666666666666	185.1083664963283	1907	558	0.5716845878136201
Müncheni kódex, 1466	1466	Mk	14	357.1075455949322	3780	1126	0.5541740674955595	245.24077195556146	3438	1151	0.474370112945265
Müncheni kódex, 1466	1466	Mk	15	235.20917031943887	2414	671	0.5931445603576752	175.53861815697857	2189	685	0.5182481751824818
Müncheni kódex, 1466	1466	Mk	16	169.04641118456914	1227	290	0.7379310344827587	129.93230455981134	1104	291	0.6529209621993127
Müncheni kódex, 1466	1466	Lk	1	366.32748056591254	3672	993	0.6153071500503524	257.5955606964607	3284	1026	0.5165692007797271
Müncheni kódex, 1466	1466	Lk	2	290.2018302898319	2751	728	0.6277472527472527	199.84840998047187	2499	767	0.529335071707953
Müncheni kódex, 1466	1466	Lk	3	156.83477777913484	2108	609	0.5796387520525451	123.87225593632053	1896	615	0.5235772357723577
Müncheni kódex, 1466	1466	Lk	4	280.1240691729093	2606	690	0.6202898550724638	196.48974307409466	2321	710	0.5366197183098591
Müncheni kódex, 1466	1466	Lk	5	269.6689356348044	2459	682	0.6217008797653959	195.90747878746365	2257	708	0.5437853107344632
Müncheni kódex, 1466	1466	Lk	6	298.8794748500722	2890	799	0.5969962453066333	217.33365140140066	2625	841	0.5005945303210464
Müncheni kódex, 1466	1466	Lk	7	306.5154757942253	2956	824	0.5861650485436893	229.8064145657739	2703	852	0.5187793427230047
Müncheni kódex, 1466	1466	Lk	8	314.5544913860535	3507	997	0.5667001003009027	212.38383041135558	3135	1055	0.47014218009478675
Müncheni kódex, 1466	1466	Lk	9	406.58313722627344	3861	1028	0.6147859922178989	250.2413348149565	3364	1094	0.49817184643510054
Müncheni kódex, 1466	1466	Lk	10	325.3005624169522	2604	658	0.6702127659574468	220.54970757569	2336	698	0.5472779369627507
Müncheni kódex, 1466	1466	Lk	11	360.18284433863414	3367	908	0.6101321585903083	262.61092169473807	2987	924	0.5119047619047619
Müncheni kódex, 1466	1466	Lk	12	362.36720899808114	3400	924	0.6071428571428571	266.0871651967444	3033	952	0.5178571428571429
Müncheni kódex, 1466	1466	Lk	13	292.45874050134603	2276	561	0.6755793226381461	196.61032517253884	2039	585	0.5572649572649573
Müncheni kódex, 1466	1466	Lk	14	253.57554691790054	2163	564	0.6418439716312057	184.21966963176033	1875	580	0.5362068965517242
Müncheni kódex, 1466	1466	Lk	15	227.78143105940237	1952	536	0.6119402985074627	157.1410175103508	1714	549	0.5282331511839709
Müncheni kódex, 1466	1466	Lk	16	222.47625782765718	1984	527	0.6204933586337761	173.6053034353	1813	543	0.5488029465930019
Müncheni kódex, 1466	1466	Lk	17	257.31070411596164	2003	518	0.6544401544401545	189.18269857785816	1819	543	0.5524861878453039
Müncheni kódex, 1466	1466	Lk	18	274.7456597702013	2323	630	0.6142857142857143	205.2938330065793	2105	635	0.5385826771653544
Müncheni kódex, 1466	1466	Lk	19	267.68333136737624	2564	709	0.5923836389280677	200.66799921626827	2277	717	0.5216178521617852
Müncheni kódex, 1466	1466	Lk	20	263.5056097590054	2412	641	0.6224648985959438	201.29390535500147	2183	668	0.531437125748503
Müncheni kódex, 1466	1466	Lk	21	246.13797276944223	2080	488	0.680327868852459	188.72204016884658	1879	516	0.6007751937984496
Müncheni kódex, 1466	1466	Lk	22	322.951079019298	3474	1002	0.5508982035928144	236.87006985805394	3087	1011	0.47279920870425324
Müncheni kódex, 1466	1466	Lk	23	270.3773096080823	2875	792	0.5820707070707071	197.94062267601615	2563	812	0.5049261083743842
Müncheni kódex, 1466	1466	Lk	24	297.70684477107153	2660	694	0.6210374639769453	202.57590232615834	2408	727	0.5350756533700137
Müncheni kódex, 1466	1466	Jn	1	250.8121073911852	2380	704	0.546875	179.33767156881427	2112	721	0.4618585298196949
Müncheni kódex, 1466	1466	Jn	2	151.61972837700617	1440	368	0.6222826086956522	113.31578145862876	1279	390	0.5307692307692308
Müncheni kódex, 1466	1466	Jn	3	209.9069970246312	1925	558	0.5716845878136201	167.3229093245214	1664	566	0.4876325088339223
Müncheni kódex, 1466	1466	Jn	4	259.0771762096599	2740	840	0.544047619047619	200.79802951415948	2422	861	0.45876887340301975
Müncheni kódex, 1466	1466	Jn	5	241.22823834969523	2405	723	0.5325034578146611	194.93515247543013	2124	740	0.4635135135135135
Müncheni kódex, 1466	1466	Jn	6	302.86251715547195	3453	1113	0.4887690925426775	223.55135661271476	2952	1119	0.40571939231456655
Müncheni kódex, 1466	1466	Jn	7	240.91232956145	2646	807	0.516728624535316	183.06833718829154	2316	809	0.4227441285537701
Müncheni kódex, 1466	1466	Jn	8	258.0211681123009	3034	956	0.49267782426778245	184.93551021238505	2616	972	0.389917695473251
Müncheni kódex, 1466	1466	Jn	9	201.7869172045956	2002	640	0.496875	148.17026836609597	1762	656	0.4054878048780488
Müncheni kódex, 1466	1466	Jn	10	224.30330586233958	2098	619	0.5735056542810986	157.8377132525553	1807	639	0.4694835680751174
Müncheni kódex, 1466	1466	Jn	11	248.1122111367051	2820	870	0.5149425287356322	199.0007597185705	2510	862	0.44547563805104406
Müncheni kódex, 1466	1466	Jn	12	271.2698190428886	2757	787	0.567979669631512	216.30797386816408	2483	784	0.49489795918367346
Müncheni kódex, 1466	1466	Jn	13	218.41025340178783	2072	620	0.5403225806451613	169.43015783281746	1801	613	0.46818923327895595
Müncheni kódex, 1466	1466	Jn	14	173.9751795013726	1677	500	0.558	129.56634214204072	1472	505	0.45742574257425744
Müncheni kódex, 1466	1466	Jn	15	146.67678376010247	1523	437	0.5560640732265446	125.35449580466374	1290	428	0.4953271028037383
Müncheni kódex, 1466	1466	Jn	16	174.1885107652397	1755	514	0.5389105058365758	127.63294498590173	1501	525	0.4342857142857143
Müncheni kódex, 1466	1466	Jn	17	129.3877878449709	1321	405	0.5061728395061729	98.32323548924022	1104	418	0.4138755980861244
Müncheni kódex, 1466	1466	Jn	18	225.0672231885596	2356	719	0.5159944367176634	177.5303175530049	2087	719	0.44923504867872044
Müncheni kódex, 1466	1466	Jn	19	239.98438811096676	2551	739	0.5520974289580515	192.32549195822284	2265	753	0.48738379814077026
Müncheni kódex, 1466	1466	Jn	20	195.4394143019255	1829	532	0.5620300751879699	146.17889508991158	1628	567	0.4691358024691358
Müncheni kódex, 1466	1466	Jn	21	203.82053151410213	1857	528	0.5814393939393939	152.23819634083478	1631	527	0.49146110056925996
Jordánszky-kódex, 1516–19	1516	Mt	1	134.8552409006069	1121	347	0.6368876080691642	119.73610231130417	1129	333	0.6066066066066066
Jordánszky-kódex, 1516–19	1516	Mt	2	175.68428725666178	1488	464	0.603448275862069	163.13793651243844	1491	428	0.5957943925233645
Jordánszky-kódex, 1516–19	1516	Mt	3	157.68171028149476	1124	307	0.7003257328990228	148.37230909748644	1152	281	0.693950177935943
Jordánszky-kódex, 1516–19	1516	Mt	4	164.5907071333635	1430	422	0.6066350710900474	153.9048897031565	1460	404	0.599009900990099
Jordánszky-kódex, 1516–19	1516	Mt	5	238.21447457162776	2375	814	0.5184275184275184	226.65162413641622	2377	762	0.5144356955380578
Jordánszky-kódex, 1516–19	1516	Mt	6	208.27425602135497	1942	647	0.5363214837712519	185.66069574258097	1901	605	0.5107438016528926
Jordánszky-kódex, 1516–19	1516	Mt	7	161.78834296435141	1502	509	0.5363457760314342	160.02670260743417	1544	476	0.542016806722689
Jordánszky-kódex, 1516–19	1516	Mt	8	194.09929759302926	1976	649	0.5500770416024653	179.43397780514672	1986	594	0.5538720538720538
Jordánszky-kódex, 1516–19	1516	Mt	9	187.2525474281092	2080	705	0.5177304964539007	173.3692818455925	2112	650	0.52
Jordánszky-kódex, 1516–19	1516	Mt	10	206.96055798568642	2167	730	0.510958904109589	205.72209507115014	2217	681	0.5242290748898678
Jordánszky-kódex, 1516–19	1516	Mt	11	202.02030160414088	1710	527	0.5977229601518027	191.45534582402115	1748	492	0.5995934959349594
Jordánszky-kódex, 1516–19	1516	Mt	12	226.02295597977545	2609	922	0.4945770065075922	222.98607112662572	2642	850	0.4976470588235294
Jordánszky-kódex, 1516–19	1516	Mt	13	235.99677422833832	2907	1074	0.4692737430167598	226.94812151367304	2898	976	0.4774590163934426
Jordánszky-kódex, 1516–19	1516	Mt	14	172.6543232832503	1775	598	0.5434782608695652	167.35975893940784	1809	542	0.5701107011070111
Jordánszky-kódex, 1516–19	1516	Mt	15	198.4051459127958	2001	655	0.5526717557251909	191.83233193765787	2029	608	0.5592105263157895
Jordánszky-kódex, 1516–19	1516	Mt	16	187.29085457481	1717	545	0.5577981651376147	182.20012654538255	1707	509	0.5618860510805501
Jordánszky-kódex, 1516–19	1516	Mt	17	178.5046552945473	1644	522	0.5862068965517241	171.18658053610883	1646	485	0.5896907216494846
Jordánszky-kódex, 1516–19	1516	Mt	18	199.84225720876924	1942	704	0.4928977272727273	204.13066804519173	1941	621	0.5088566827697263
Jordánszky-kódex, 1516–19	1516	Mt	19	212.4360186435753	1795	572	0.5646853146853147	198.13887315012215	1785	539	0.5473098330241187
Jordánszky-kódex, 1516–19	1516	Mt	20	197.41025497864106	1697	564	0.5620567375886525	187.33398919620944	1709	524	0.5534351145038168
Jordánszky-kódex, 1516–19	1516	Mt	21	238.07804251585262	2658	904	0.5154867256637168	214.98060395364323	2611	836	0.49760765550239233
Jordánszky-kódex, 1516–19	1516	Mt	22	214.79062043259566	2107	679	0.5508100147275405	197.47434475543605	2090	629	0.5453100158982512
Jordánszky-kódex, 1516–19	1516	Mt	23	188.32185842812925	2099	694	0.521613832853026	180.21468642086364	2112	645	0.5209302325581395
Jordánszky-kódex, 1516–19	1516	Mt	24	224.37993567438718	2432	841	0.5101070154577884	211.34877063698167	2444	783	0.5031928480204342
Jordánszky-kódex, 1516–19	1516	Mt	25	191.58702277691773	2101	812	0.4618226600985222	183.4327677430583	2115	757	0.44517833553500663
Jordánszky-kódex, 1516–19	1516	Mt	26	293.05240545504637	3764	1329	0.4710308502633559	283.9155612997746	3669	1214	0.4728171334431631
Jordánszky-kódex, 1516–19	1516	Mt	27	298.63593029453364	3332	1125	0.5093333333333333	283.0737083272873	3294	1028	0.5126459143968871
Jordánszky-kódex, 1516–19	1516	Mt	28	146.7342337443383	1173	361	0.5955678670360111	137.14108614386515	1169	323	0.5975232198142415
Jordánszky-kódex, 1516–19	1516	Mk	1	222.42341943737597	2347	766	0.5483028720626631	211.54165487713482	2382	703	0.5590327169274538
Jordánszky-kódex, 1516–19	1516	Mk	2	189.77916033803314	1716	584	0.541095890410959	172.969617026051	1711	537	0.5381750465549349
Jordánszky-kódex, 1516–19	1516	Mk	3	187.97861298655297	1789	585	0.558974358974359	177.7811402443898	1810	534	0.5674157303370787
Jordánszky-kódex, 1516–19	1516	Mk	4	197.29294543305835	2075	743	0.5114401076716016	178.2366628785976	2060	677	0.4948301329394387
Jordánszky-kódex, 1516–19	1516	Mk	5	176.63340021437915	2218	798	0.48120300751879697	171.33830055385934	2236	742	0.49865229110512127
Jordánszky-kódex, 1516–19	1516	Mk	6	230.21876185104566	3008	1068	0.48408239700374533	228.27343752963762	3075	991	0.49747729566094856
Jordánszky-kódex, 1516–19	1516	Mk	7	214.40978540009746	1983	644	0.5559006211180124	201.40413075489838	1995	604	0.543046357615894
Jordánszky-kódex, 1516–19	1516	Mk	8	196.90736471833654	1999	661	0.5325264750378215	194.51286923292352	2015	607	0.5453047775947282
Jordánszky-kódex, 1516–19	1516	Mk	9	245.06657004404576	2668	973	0.4943473792394656	234.91387277251658	2661	885	0.49830508474576274
Jordánszky-kódex, 1516–19	1516	Mk	10	260.8466817810687	2776	944	0.5127118644067796	240.1581369164858	2758	876	0.5011415525114156
Jordánszky-kódex, 1516–19	1516	Mk	11	183.76321601931465	1921	657	0.5038051750380518	178.43484457135514	1871	590	0.5152542372881356
Jordánszky-kódex, 1516–19	1516	Mk	12	237.58771694065516	2545	861	0.502903600464576	235.1143192354156	2532	805	0.5130434782608696
Jordánszky-kódex, 1516–19	1516	Mk	13	204.40286843835955	1995	635	0.5637795275590551	197.29780337201325	2015	589	0.5755517826825127
Jordánszky-kódex, 1516–19	1516	Mk	14	258.01509082098886	3669	1326	0.45701357466063347	258.5751968728997	3637	1220	0.46311475409836067
Jordánszky-kódex, 1516–19	1516	Mk	15	202.21873573335472	2330	777	0.5045045045045045	197.3442415368045	2304	718	0.5222841225626741
Jordánszky-kódex, 1516–19	1516	Mk	16	146.20856836347173	1143	348	0.6206896551724138	157.12924494083848	1178	307	0.6840390879478827
Jordánszky-kódex, 1516–19	1516	Lk	1	280.6873880210225	3542	1201	0.5020815986677769	263.9906061157148	3462	1092	0.5027472527472527
Jordánszky-kódex, 1516–19	1516	Lk	2	230.33275416674752	2743	894	0.5201342281879194	215.89515548251342	2692	823	0.5176184690157959
Jordánszky-kódex, 1516–19	1516	Lk	3	132.4207702221434	1912	669	0.5291479820627802	125.22657182364544	1974	633	0.5292259083728278
Jordánszky-kódex, 1516–19	1516	Lk	4	208.79834540577693	2397	822	0.5036496350364964	192.565647820421	2406	749	0.5086782376502003
Jordánszky-kódex, 1516–19	1516	Lk	5	210.73210883596155	2373	809	0.5179233621755254	208.4840875384836	2374	738	0.532520325203252
Jordánszky-kódex, 1516–19	1516	Lk	6	238.09470309712768	2875	1004	0.4960159362549801	228.1252990922664	2880	939	0.48881789137380194
Jordánszky-kódex, 1516–19	1516	Lk	7	262.14506867602034	2855	959	0.5203336809176226	249.32122198505513	2859	883	0.5152887882219706
Jordánszky-kódex, 1516–19	1516	Lk	8	232.73369044421918	3309	1200	0.45916666666666667	222.94177781739995	3319	1095	0.4657534246575342
Jordánszky-kódex, 1516–19	1516	Lk	9	253.55120985683953	3464	1226	0.46818923327895595	255.87978941499273	3443	1115	0.4896860986547085
Jordánszky-kódex, 1516–19	1516	Lk	10	235.06386949119056	2452	814	0.5307125307125307	225.17645243856293	2452	754	0.5318302387267905
Jordánszky-kódex, 1516–19	1516	Lk	11	271.39632088169986	3104	1041	0.5043227665706052	272.7954972621805	3083	955	0.5204188481675392
Jordánszky-kódex, 1516–19	1516	Lk	12	269.002631450983	3202	1100	0.48818181818181816	262.03565164944047	3189	1038	0.4913294797687861
Jordánszky-kódex, 1516–19	1516	Lk	13	206.82308919725753	2102	679	0.5419734904270986	200.51162200505559	2118	627	0.5534290271132376
Jordánszky-kódex, 1516–19	1516	Lk	14	185.7081894708414	1939	656	0.5198170731707317	185.87016650659623	1917	592	0.535472972972973
Jordánszky-kódex, 1516–19	1516	Lk	15	165.74296078250154	1806	638	0.512539184952978	159.62935665379078	1779	576	0.5208333333333334
Jordánszky-kódex, 1516–19	1516	Lk	16	185.0279301704636	1952	626	0.536741214057508	183.1278697935607	1935	586	0.5460750853242321
Jordánszky-kódex, 1516–19	1516	Lk	17	194.88709351668004	1878	624	0.5240384615384616	197.58396940425772	1869	574	0.5383275261324042
Jordánszky-kódex, 1516–19	1516	Lk	18	233.0317580913022	2261	745	0.5328859060402684	219.7347963950144	2245	678	0.5398230088495575
Jordánszky-kódex, 1516–19	1516	Lk	19	230.69252329918513	2501	859	0.519208381839348	218.61889932006596	2470	784	0.5255102040816326
Jordánszky-kódex, 1516–19	1516	Lk	20	214.79723309761414	2354	781	0.528809218950064	207.74661172428458	2329	724	0.5248618784530387
Jordánszky-kódex, 1516–19	1516	Lk	21	211.51544354048806	1969	614	0.5732899022801303	207.09895338811688	2025	575	0.5826086956521739
Jordánszky-kódex, 1516–19	1516	Lk	22	257.3511129998212	3343	1213	0.45507007419620776	256.5745488322467	3288	1101	0.4623069936421435
Jordánszky-kódex, 1516–19	1516	Lk	23	214.8518315416051	2760	942	0.47876857749469215	203.89879546749688	2722	869	0.47871116225546606
Jordánszky-kódex, 1516–19	1516	Lk	24	213.92501161396925	2602	898	0.49888641425389757	219.64336488848903	2639	789	0.541191381495564
Jordánszky-kódex, 1516–19	1516	Jn	1	198.58878480435231	2300	841	0.4637336504161712	186.90743643962426	2273	783	0.4508301404853129
Jordánszky-kódex, 1516–19	1516	Jn	2	139.54345488383268	1352	450	0.54	128.39522042103428	1370	419	0.5393794749403341
Jordánszky-kódex, 1516–19	1516	Jn	3	174.50803827492618	1766	613	0.49755301794453505	165.620422603604	1752	581	0.49225473321858865
Jordánszky-kódex, 1516–19	1516	Jn	4	198.98718703566817	2632	991	0.4409687184661958	191.17974009575497	2591	929	0.4413347685683531
Jordánszky-kódex, 1516–19	1516	Jn	5	194.66554035682242	2265	835	0.4479041916167665	185.68502074890384	2247	771	0.45136186770428016
Jordánszky-kódex, 1516–19	1516	Jn	6	225.21540535363454	3102	1234	0.4019448946515397	206.99207429726607	3030	1155	0.38961038961038963
Jordánszky-kódex, 1516–19	1516	Jn	7	187.33113588307882	2510	949	0.4130663856691254	178.7868515123391	2423	872	0.4048165137614679
Jordánszky-kódex, 1516–19	1516	Jn	8	220.18052777674282	2891	1091	0.42438130155820347	190.94202175053294	2795	1029	0.39067055393586003
Jordánszky-kódex, 1516–19	1516	Jn	9	154.1046677095695	1952	742	0.4123989218328841	144.73180774113862	1893	699	0.3876967095851216
Jordánszky-kódex, 1516–19	1516	Jn	10	164.39022863109494	1981	723	0.4578146611341632	166.12473924424214	1957	670	0.4716417910447761
Jordánszky-kódex, 1516–19	1516	Jn	11	201.83548288560198	2699	992	0.4324596774193548	195.95880309349397	2631	902	0.43458980044345896
Jordánszky-kódex, 1516–19	1516	Jn	12	224.55965968139705	2736	962	0.47505197505197505	215.42926955004924	2685	875	0.4777142857142857
Jordánszky-kódex, 1516–19	1516	Jn	13	198.07969609966995	2007	705	0.4808510638297872	186.10534188686066	1937	648	0.47685185185185186
Jordánszky-kódex, 1516–19	1516	Jn	14	142.52122770353355	1559	581	0.45611015490533563	137.32373596628196	1511	531	0.448210922787194
Jordánszky-kódex, 1516–19	1516	Jn	15	122.33395307930377	1382	511	0.4657534246575342	116.52308211316286	1384	459	0.46187363834422657
Jordánszky-kódex, 1516–19	1516	Jn	16	140.44771164061424	1648	625	0.4272	139.1872586221698	1614	569	0.4428822495606327
Jordánszky-kódex, 1516–19	1516	Jn	17	117.42026792218617	1394	546	0.4175824175824176	111.52553232984513	1362	493	0.40162271805273836
Jordánszky-kódex, 1516–19	1516	Jn	18	175.72978658284543	2244	808	0.4405940594059406	161.76552277250175	2152	747	0.42704149933065594
Jordánszky-kódex, 1516–19	1516	Jn	19	215.68600829292362	2516	874	0.4862700228832952	200.7181541066199	2443	800	0.4825
Jordánszky-kódex, 1516–19	1516	Jn	20	158.68342941304954	1706	625	0.4832	154.11273645909296	1707	578	0.48788927335640137
Jordánszky-kódex, 1516–19	1516	Jn	21	173.81217875945833	1681	582	0.5	149.71349137879236	1640	541	0.46395563770794823
Pesti Gábor: Újtestamentum, 1536	1536	Mt	1	144.79127757506703	1228	412	0.6213592233009708	116.06871585758229	1207	368	0.6005434782608695
Pesti Gábor: Újtestamentum, 1536	1536	Mt	2	200.8603126297393	1538	494	0.6255060728744939	166.51622086153225	1462	424	0.5990566037735849
Pesti Gábor: Újtestamentum, 1536	1536	Mt	3	162.29185152995424	1193	343	0.6763848396501457	142.1646787729151	1171	292	0.6815068493150684
Pesti Gábor: Újtestamentum, 1536	1536	Mt	4	192.01076661099316	1482	450	0.6266666666666667	159.6776123961491	1427	393	0.6030534351145038
Pesti Gábor: Újtestamentum, 1536	1536	Mt	5	278.5435797323156	2588	889	0.5466816647919011	235.2875530234274	2435	776	0.5219072164948454
Pesti Gábor: Újtestamentum, 1536	1536	Mt	6	220.15152548386394	2068	714	0.5294117647058824	185.01878205698512	1939	640	0.496875
Pesti Gábor: Újtestamentum, 1536	1536	Mt	7	196.21897694965503	1637	558	0.5752688172043011	170.43456568929875	1550	489	0.5623721881390593
Pesti Gábor: Újtestamentum, 1536	1536	Mt	8	224.179112982451	2038	703	0.5490753911806543	184.05964200013372	1942	604	0.5463576158940397
Pesti Gábor: Újtestamentum, 1536	1536	Mt	9	219.48179089403777	2277	803	0.5242839352428393	183.19646766746823	2188	699	0.5236051502145923
Pesti Gábor: Újtestamentum, 1536	1536	Mt	10	244.79825099441075	2344	801	0.5343320848938826	224.1456045146012	2267	691	0.5426917510853835
Pesti Gábor: Újtestamentum, 1536	1536	Mt	11	221.91727463207982	1867	599	0.6010016694490818	196.52477742017234	1802	512	0.60546875
Pesti Gábor: Újtestamentum, 1536	1536	Mt	12	281.72162018841436	2851	1036	0.5077220077220077	243.07691238327405	2746	909	0.5005500550055005
Pesti Gábor: Újtestamentum, 1536	1536	Mt	13	251.63525337869413	3122	1227	0.4474327628361858	230.57630884765706	2977	1050	0.45904761904761904
Pesti Gábor: Újtestamentum, 1536	1536	Mt	14	194.21226855601373	1894	659	0.5493171471927162	176.40311019486444	1883	575	0.5721739130434783
Pesti Gábor: Újtestamentum, 1536	1536	Mt	15	228.6268411597354	2076	696	0.5632183908045977	195.6649894294439	1997	606	0.5594059405940595
Pesti Gábor: Újtestamentum, 1536	1536	Mt	16	209.99321954899537	1814	612	0.565359477124183	178.59702811442332	1745	538	0.5408921933085502
Pesti Gábor: Újtestamentum, 1536	1536	Mt	17	203.60189797793944	1721	566	0.5759717314487632	178.71461004920835	1647	500	0.574
Pesti Gábor: Újtestamentum, 1536	1536	Mt	18	238.51509178863017	2122	770	0.5337662337662338	217.99050309170758	2034	638	0.5376175548589341
Pesti Gábor: Újtestamentum, 1536	1536	Mt	19	210.9602600068727	1823	606	0.5462046204620462	197.86327705459	1762	529	0.555765595463138
Pesti Gábor: Újtestamentum, 1536	1536	Mt	20	215.64735995335695	1960	681	0.540381791483113	188.10732162955728	1871	595	0.534453781512605
Pesti Gábor: Újtestamentum, 1536	1536	Mt	21	253.07397845972693	2847	1031	0.4917555771096023	221.20071569472185	2733	889	0.4938132733408324
Pesti Gábor: Újtestamentum, 1536	1536	Mt	22	235.39757162492444	2215	746	0.5522788203753352	207.07881421437907	2160	648	0.5524691358024691
Pesti Gábor: Újtestamentum, 1536	1536	Mt	23	219.64303524832303	2161	773	0.536869340232859	177.68701875632257	1990	654	0.5061162079510704
Pesti Gábor: Újtestamentum, 1536	1536	Mt	24	235.1261927310493	2474	902	0.5033259423503326	211.75026905205638	2380	778	0.5051413881748072
Pesti Gábor: Újtestamentum, 1536	1536	Mt	25	226.1264429858063	2253	877	0.46864310148232613	194.09678034222364	2131	761	0.46386333771353483
Pesti Gábor: Újtestamentum, 1536	1536	Mt	26	312.63073875221863	3864	1457	0.45229924502402197	279.9792329963607	3715	1269	0.4562647754137116
Pesti Gábor: Újtestamentum, 1536	1536	Mt	27	302.64969392170946	3454	1231	0.5052802599512591	259.3418420768947	3284	1060	0.4962264150943396
Pesti Gábor: Újtestamentum, 1536	1536	Mt	28	141.90771586475623	1234	398	0.5804020100502513	128.61730028195834	1199	336	0.5982142857142857
Pesti Gábor: Újtestamentum, 1536	1536	Mk	1	228.949494581945	2432	824	0.5412621359223301	201.44298341408032	2335	703	0.55049786628734
Pesti Gábor: Újtestamentum, 1536	1536	Mk	2	192.62672949551006	1839	660	0.5333333333333333	161.01995997241428	1774	582	0.5292096219931272
Pesti Gábor: Újtestamentum, 1536	1536	Mk	3	186.5060060091815	1760	605	0.5537190082644629	164.2420867664453	1730	522	0.5555555555555556
Pesti Gábor: Újtestamentum, 1536	1536	Mk	4	213.41254304921094	2167	797	0.5043914680050188	180.4566009048192	2086	696	0.4885057471264368
Pesti Gábor: Újtestamentum, 1536	1536	Mk	5	203.59307071923405	2362	887	0.48703494926719276	174.79036026424544	2319	766	0.4908616187989556
Pesti Gábor: Újtestamentum, 1536	1536	Mk	6	245.8568901765729	3296	1238	0.47495961227786754	211.3002386365568	3215	1072	0.47574626865671643
Pesti Gábor: Újtestamentum, 1536	1536	Mk	7	210.68448273818433	2129	718	0.552924791086351	189.67948203111945	2079	629	0.5516693163751988
Pesti Gábor: Újtestamentum, 1536	1536	Mk	8	217.51738042676558	2122	733	0.5497953615279673	179.109387712569	2004	643	0.5256609642301711
Pesti Gábor: Újtestamentum, 1536	1536	Mk	9	214.13139208513675	2000	711	0.5161744022503516	199.13220153273608	1911	617	0.526742301458671
Pesti Gábor: Újtestamentum, 1536	1536	Mk	10	278.0526384696393	2996	1057	0.49479659413434246	249.82336080667366	2832	901	0.5061043285238623
Pesti Gábor: Újtestamentum, 1536	1536	Mk	11	210.9332141158238	1935	695	0.5352517985611511	171.82249430562757	1847	592	0.518581081081081
Pesti Gábor: Újtestamentum, 1536	1536	Mk	12	265.38867071479143	2651	925	0.534054054054054	227.86589556311378	2579	810	0.5185185185185185
Pesti Gábor: Újtestamentum, 1536	1536	Mk	13	209.3757226040295	2083	708	0.559322033898305	194.67607523625853	2042	623	0.5698234349919743
Pesti Gábor: Újtestamentum, 1536	1536	Mk	14	295.1317936423137	3806	1450	0.4613793103448276	256.79178518594716	3639	1256	0.46337579617834396
Pesti Gábor: Újtestamentum, 1536	1536	Mk	15	231.2452958583118	2442	865	0.5121387283236994	204.0718930462298	2412	744	0.5228494623655914
Pesti Gábor: Újtestamentum, 1536	1536	Mk	16	157.92159636874882	1212	397	0.6120906801007556	137.15444828828686	1178	323	0.628482972136223
Pesti Gábor: Újtestamentum, 1536	1536	Lk	1	283.77903225216454	3695	1353	0.48632668144863267	243.0751284635152	3551	1168	0.4768835616438356
Pesti Gábor: Újtestamentum, 1536	1536	Lk	2	239.20746441071577	2707	956	0.5177824267782427	202.3785817876356	2674	827	0.5139056831922612
Pesti Gábor: Újtestamentum, 1536	1536	Lk	3	153.84279497001535	2014	733	0.5347885402455662	131.45915888129645	2020	649	0.5300462249614792
Pesti Gábor: Újtestamentum, 1536	1536	Lk	4	239.6313766956877	2472	877	0.5199543899657925	210.000477978218	2427	760	0.5276315789473685
Pesti Gábor: Újtestamentum, 1536	1536	Lk	5	233.17096961657572	2369	849	0.5147232037691402	209.44479776232376	2328	732	0.5314207650273224
Pesti Gábor: Újtestamentum, 1536	1536	Lk	6	278.1028966978617	2971	1081	0.5106382978723404	240.18410079851424	2882	945	0.4973544973544973
Pesti Gábor: Újtestamentum, 1536	1536	Lk	7	276.5098939293141	2951	1066	0.5093808630393997	249.2734794990364	2865	918	0.5098039215686274
Pesti Gábor: Újtestamentum, 1536	1536	Lk	8	242.79277888643068	3325	1283	0.4544037412314887	231.23580419471583	3285	1096	0.48083941605839414
Pesti Gábor: Újtestamentum, 1536	1536	Lk	9	282.9217207404121	3537	1296	0.47453703703703703	250.79571553123608	3444	1113	0.4887690925426775
Pesti Gábor: Újtestamentum, 1536	1536	Lk	10	268.80093763821054	2454	853	0.5474794841735052	230.66769827182782	2405	730	0.5452054794520548
Pesti Gábor: Újtestamentum, 1536	1536	Lk	11	321.3162470784443	3233	1164	0.5103092783505154	295.3009994092906	3116	1003	0.5204386839481555
Pesti Gábor: Újtestamentum, 1536	1536	Lk	12	321.69952708423386	3307	1179	0.5207803223070399	281.6831546735069	3236	1040	0.510576923076923
Pesti Gábor: Újtestamentum, 1536	1536	Lk	13	244.78513019397144	2196	736	0.5652173913043478	213.26041518251589	2154	643	0.5505443234836703
Pesti Gábor: Újtestamentum, 1536	1536	Lk	14	231.48874085014182	2050	704	0.5525568181818182	209.91336055434198	1980	606	0.5544554455445545
Pesti Gábor: Újtestamentum, 1536	1536	Lk	15	187.3737569929928	1879	698	0.5128939828080229	157.6804053704617	1765	588	0.5017006802721088
Pesti Gábor: Újtestamentum, 1536	1536	Lk	16	215.42816002262535	1945	644	0.5698757763975155	191.53404494360615	1886	568	0.5651408450704225
Pesti Gábor: Újtestamentum, 1536	1536	Lk	17	223.06020222537563	1945	654	0.5504587155963303	207.33812608703096	1887	571	0.5551663747810858
Pesti Gábor: Újtestamentum, 1536	1536	Lk	18	256.0863179582629	2274	774	0.537467700258398	229.79318962247115	2200	670	0.5477611940298508
Pesti Gábor: Újtestamentum, 1536	1536	Lk	19	248.56079064229797	2560	922	0.5140997830802603	224.91045976992535	2482	793	0.5233291298865069
Pesti Gábor: Újtestamentum, 1536	1536	Lk	20	236.32548226908887	2415	834	0.5239808153477218	213.6170361766186	2352	731	0.5266757865937073
Pesti Gábor: Újtestamentum, 1536	1536	Lk	21	213.67430546158673	2083	698	0.5444126074498568	189.1957697419184	2018	602	0.5481727574750831
Pesti Gábor: Újtestamentum, 1536	1536	Lk	22	295.274699962915	3516	1298	0.47226502311248075	254.7107636597208	3330	1111	0.46894689468946893
Pesti Gábor: Újtestamentum, 1536	1536	Lk	23	257.55263556993384	2954	1061	0.49858623939679547	212.9540754476664	2807	908	0.4922907488986784
Pesti Gábor: Újtestamentum, 1536	1536	Lk	24	240.63551651335231	2664	937	0.512273212379936	212.05623748339278	2570	798	0.5162907268170426
Pesti Gábor: Újtestamentum, 1536	1536	Jn	1	234.41905817323908	2436	916	0.48253275109170307	196.789976480307	2310	795	0.4742138364779874
Pesti Gábor: Újtestamentum, 1536	1536	Jn	2	145.324804732736	1379	473	0.5412262156448203	116.02792169863385	1329	409	0.5158924205378973
Pesti Gábor: Újtestamentum, 1536	1536	Jn	3	201.72486028105547	1832	684	0.5190058479532164	178.95310519985813	1751	597	0.49581239530988275
Pesti Gábor: Újtestamentum, 1536	1536	Jn	4	228.7140097637438	2665	1050	0.44952380952380955	202.2426465738716	2549	933	0.4362272240085745
Pesti Gábor: Újtestamentum, 1536	1536	Jn	5	242.69595838017642	2487	937	0.49413020277481323	207.31306110272763	2351	810	0.4740740740740741
Pesti Gábor: Újtestamentum, 1536	1536	Jn	6	268.5580709947749	3328	1367	0.4213606437454279	221.68879531819252	3149	1205	0.3933609958506224
Pesti Gábor: Újtestamentum, 1536	1536	Jn	7	219.90387197222344	2510	972	0.44135802469135804	184.92723192205065	2366	852	0.4119718309859155
Pesti Gábor: Újtestamentum, 1536	1536	Jn	8	240.63710517835042	2958	1181	0.43268416596104997	201.06142488951613	2805	1056	0.39678030303030304
Pesti Gábor: Újtestamentum, 1536	1536	Jn	9	179.00231334771115	2028	787	0.4269377382465057	153.55224319494468	1889	713	0.391304347826087
Pesti Gábor: Újtestamentum, 1536	1536	Jn	10	198.49409462462236	2025	780	0.491025641025641	164.37010683696758	1941	689	0.46589259796806964
Pesti Gábor: Újtestamentum, 1536	1536	Jn	11	230.9474683964951	2755	1066	0.43808630393996245	199.0039333028695	2647	920	0.44021739130434784
Pesti Gábor: Újtestamentum, 1536	1536	Jn	12	244.20271428944974	2685	982	0.47963340122199594	226.71255204829765	2596	848	0.4893867924528302
Pesti Gábor: Újtestamentum, 1536	1536	Jn	13	210.9544889305518	2036	755	0.48079470198675495	189.99085953571043	1940	650	0.4907692307692308
Pesti Gábor: Újtestamentum, 1536	1536	Jn	14	170.82015075371325	1687	640	0.48125	141.58929595380854	1549	549	0.4553734061930783
Pesti Gábor: Újtestamentum, 1536	1536	Jn	15	162.00296961673624	1478	544	0.5091911764705882	126.37825872152895	1383	456	0.47368421052631576
Pesti Gábor: Újtestamentum, 1536	1536	Jn	16	166.3740762610672	1701	637	0.4740973312401884	140.75412663888386	1574	558	0.45161290322580644
Pesti Gábor: Újtestamentum, 1536	1536	Jn	17	136.03057196934375	1380	551	0.44646098003629764	107.85030656061954	1266	467	0.41113490364025695
Pesti Gábor: Újtestamentum, 1536	1536	Jn	18	223.84781536025812	2319	864	0.4826388888888889	170.0831447166826	2164	777	0.42084942084942084
Pesti Gábor: Újtestamentum, 1536	1536	Jn	19	241.24934834604323	2540	934	0.493576017130621	197.70802336007617	2415	797	0.479297365119197
Pesti Gábor: Újtestamentum, 1536	1536	Jn	20	179.19704198519992	1748	660	0.4863636363636364	145.70304326384064	1652	583	0.45797598627787306
Pesti Gábor: Újtestamentum, 1536	1536	Jn	21	184.9086264763439	1698	614	0.49348534201954397	149.42366190825538	1605	556	0.46402877697841727
Sylvester János: Újtestamentum, 1541	1541	Mt	1	129.7794671440126	1346	437	0.5835240274599542	111.18920315329221	1271	417	0.5563549160671463
Sylvester János: Újtestamentum, 1541	1541	Mt	2	175.48903920359143	1850	557	0.5691202872531418	152.73879876266665	1737	537	0.5251396648044693
Sylvester János: Újtestamentum, 1541	1541	Mt	3	155.2431396654523	1415	369	0.6775067750677507	139.67866303220916	1338	352	0.6477272727272727
Sylvester János: Újtestamentum, 1541	1541	Mt	4	162.88975666842023	1696	510	0.5725490196078431	142.5033833932033	1600	489	0.5357873210633947
Sylvester János: Újtestamentum, 1541	1541	Mt	5	235.01078249711585	3006	1043	0.49952061361457334	201.18898204922692	2761	1010	0.4485148514851485
Sylvester János: Újtestamentum, 1541	1541	Mt	6	197.69062681041575	2454	861	0.48548199767711964	168.05957511337735	2227	827	0.43530834340991537
Sylvester János: Újtestamentum, 1541	1541	Mt	7	167.5299318645363	1825	597	0.5309882747068677	149.33624816933605	1671	581	0.4853700516351119
Sylvester János: Újtestamentum, 1541	1541	Mt	8	186.85988655002092	2304	754	0.5251989389920424	161.96642904063705	2179	728	0.48626373626373626
Sylvester János: Újtestamentum, 1541	1541	Mt	9	201.0376802818247	2654	871	0.5028702640642939	171.52654958469017	2474	847	0.4734356552538371
Sylvester János: Újtestamentum, 1541	1541	Mt	10	243.3741200195059	2878	964	0.4979253112033195	212.6811035263505	2692	933	0.4630225080385852
Sylvester János: Újtestamentum, 1541	1541	Mt	11	200.92548034113645	2248	690	0.5521739130434783	172.45613440375843	2108	659	0.5144157814871017
Sylvester János: Újtestamentum, 1541	1541	Mt	12	242.5985445500661	3235	1124	0.4893238434163701	208.28659821089533	3015	1089	0.44719926538108357
Sylvester János: Újtestamentum, 1541	1541	Mt	13	228.22683657575968	3606	1329	0.45146726862302483	195.03273601007956	3334	1301	0.4081475787855496
Sylvester János: Újtestamentum, 1541	1541	Mt	14	175.20390718743863	2224	729	0.5212620027434842	146.63351629052065	2067	709	0.48801128349788436
Sylvester János: Újtestamentum, 1541	1541	Mt	15	204.27824587238106	2499	825	0.5321212121212121	174.70736717715954	2339	799	0.493116395494368
Sylvester János: Újtestamentum, 1541	1541	Mt	16	180.4493258910134	2073	658	0.5227963525835866	160.41441196987662	1917	638	0.48119122257053293
Sylvester János: Újtestamentum, 1541	1541	Mt	17	186.34326829934255	1999	623	0.5682182985553772	162.70098603242633	1854	596	0.5318791946308725
Sylvester János: Újtestamentum, 1541	1541	Mt	18	206.6854638361298	2436	811	0.499383477188656	186.41711085949274	2248	785	0.46114649681528663
Sylvester János: Újtestamentum, 1541	1541	Mt	19	196.11535363363834	2088	672	0.53125	175.29650758573536	1928	645	0.5007751937984496
Sylvester János: Újtestamentum, 1541	1541	Mt	20	185.74180504539967	2176	740	0.5	173.34543790234287	2059	728	0.46291208791208793
Sylvester János: Újtestamentum, 1541	1541	Mt	21	222.75963538148005	3172	1076	0.48605947955390333	193.18287005721047	2956	1042	0.44817658349328215
Sylvester János: Újtestamentum, 1541	1541	Mt	22	190.7064707265332	2541	814	0.5233415233415234	165.48901229567963	2357	787	0.4841168996188056
Sylvester János: Újtestamentum, 1541	1541	Mt	23	190.73604902788193	2465	787	0.5260482846251588	163.8090104220527	2268	757	0.4808454425363276
Sylvester János: Újtestamentum, 1541	1541	Mt	24	213.7993518028611	2823	927	0.517799352750809	188.5129433366483	2607	895	0.4748603351955307
Sylvester János: Újtestamentum, 1541	1541	Mt	25	190.44560071871632	2440	911	0.4544456641053787	165.88298685445608	2210	881	0.40635641316685583
Sylvester János: Újtestamentum, 1541	1541	Mt	26	268.4353486665819	4295	1492	0.46112600536193027	227.07241137173796	3935	1446	0.41009681881051174
Sylvester János: Újtestamentum, 1541	1541	Mt	27	245.91416059171226	3792	1283	0.49025720966484804	211.22701932686223	3515	1245	0.4465863453815261
Sylvester János: Újtestamentum, 1541	1541	Mt	28	132.52049207887333	1423	417	0.5635491606714629	118.76376229696744	1328	403	0.5359801488833746
Sylvester János: Újtestamentum, 1541	1541	Mk	1	195.54968390480954	2759	900	0.5177777777777778	169.69730407753656	2550	824	0.508495145631068
Sylvester János: Újtestamentum, 1541	1541	Mk	2	158.95733438412108	2142	734	0.49727520435967304	145.11589474029722	1971	688	0.4752906976744186
Sylvester János: Újtestamentum, 1541	1541	Mk	3	145.31485355601856	2022	694	0.484149855907781	139.74959560646482	1906	630	0.49047619047619045
Sylvester János: Újtestamentum, 1541	1541	Mk	4	192.706901166725	2485	871	0.4833524684270953	176.21626562930425	2299	811	0.47102342786683105
Sylvester János: Újtestamentum, 1541	1541	Mk	5	168.7575107208618	2648	970	0.44329896907216493	142.8868890490995	2406	882	0.4308390022675737
Sylvester János: Újtestamentum, 1541	1541	Mk	6	212.87093202021532	3711	1333	0.4576144036009002	190.1032191811634	3466	1228	0.44462540716612375
Sylvester János: Újtestamentum, 1541	1541	Mk	7	193.9419101813679	2432	796	0.5251256281407035	175.99596629367815	2224	732	0.5109289617486339
Sylvester János: Újtestamentum, 1541	1541	Mk	8	179.49058265415488	2358	793	0.501891551071879	165.3082052429319	2188	735	0.48027210884353744
Sylvester János: Újtestamentum, 1541	1541	Mk	9	238.86200606749264	3177	1159	0.4598792062122519	212.96836397983319	2925	1063	0.4487300094073377
Sylvester János: Újtestamentum, 1541	1541	Mk	10	227.75095565591656	3377	1208	0.46357615894039733	206.73948119635224	3115	1118	0.4472271914132379
Sylvester János: Újtestamentum, 1541	1541	Mk	11	174.21462820557107	2179	743	0.4952893674293405	155.09735619775475	2007	664	0.49698795180722893
Sylvester János: Újtestamentum, 1541	1541	Mk	12	223.09393717328652	3078	1077	0.48653667595171773	197.29334916665616	2856	992	0.4637096774193548
Sylvester János: Újtestamentum, 1541	1541	Mk	13	184.57737644946505	2404	776	0.5167525773195877	172.3816429612	2252	710	0.5183098591549296
Sylvester János: Újtestamentum, 1541	1541	Mk	14	245.09742440081789	4340	1636	0.4297066014669927	220.18528699519916	4033	1492	0.4195710455764075
Sylvester János: Újtestamentum, 1541	1541	Mk	15	184.90863652715345	2732	940	0.4851063829787234	162.23652759305364	2498	867	0.46482122260668973
Sylvester János: Újtestamentum, 1541	1541	Mk	16	140.65621717451643	1509	461	0.5531453362255966	128.28412268286135	1403	408	0.5686274509803921
Sylvester János: Újtestamentum, 1541	1541	Lk	1	246.59212990079126	4143	1490	0.46308724832214765	217.95441987438718	3890	1356	0.45427728613569324
Sylvester János: Újtestamentum, 1541	1541	Lk	2	203.39378693167137	3029	1052	0.4847908745247148	182.5023587310329	2852	951	0.4773922187171398
Sylvester János: Újtestamentum, 1541	1541	Lk	3	107.81545809900447	2250	793	0.4905422446406053	95.70868307931404	2158	731	0.4883720930232558
Sylvester János: Újtestamentum, 1541	1541	Lk	4	203.79356665505176	2814	932	0.5021459227467812	185.02431068197805	2635	847	0.5017709563164109
Sylvester János: Újtestamentum, 1541	1541	Lk	5	188.6679370545125	2786	982	0.4786150712830957	173.9154142875514	2648	903	0.4728682170542636
Sylvester János: Újtestamentum, 1541	1541	Lk	6	210.3875096112121	3238	1156	0.4593425605536332	192.19182034330728	3032	1069	0.4471468662301216
Sylvester János: Újtestamentum, 1541	1541	Lk	7	229.43010116054023	3324	1165	0.4703862660944206	215.93777645298994	3124	1081	0.4727104532839963
Sylvester János: Újtestamentum, 1541	1541	Lk	8	209.59347511138444	3847	1445	0.42629757785467126	191.75669782003698	3573	1316	0.4217325227963526
Sylvester János: Újtestamentum, 1541	1541	Lk	9	259.3291223990038	4118	1470	0.45034013605442175	243.03396789724997	3854	1332	0.4519519519519519
Sylvester János: Újtestamentum, 1541	1541	Lk	10	236.37237864594238	2893	975	0.5046153846153846	219.47787297565947	2719	889	0.5050618672665916
Sylvester János: Újtestamentum, 1541	1541	Lk	11	256.2214703509696	3696	1288	0.4782608695652174	239.63574954305176	3431	1169	0.4679213002566296
Sylvester János: Újtestamentum, 1541	1541	Lk	12	272.08587888718273	3843	1358	0.4690721649484536	255.90107676149827	3598	1259	0.46227164416203337
Sylvester János: Újtestamentum, 1541	1541	Lk	13	211.98341366401158	2548	840	0.5071428571428571	190.45890796409464	2347	766	0.4960835509138381
Sylvester János: Újtestamentum, 1541	1541	Lk	14	196.3491673363457	2312	784	0.49744897959183676	184.2934686468187	2148	704	0.5028409090909091
Sylvester János: Újtestamentum, 1541	1541	Lk	15	161.02507802909943	2089	765	0.4745098039215686	150.93672126620805	1958	684	0.48099415204678364
Sylvester János: Újtestamentum, 1541	1541	Lk	16	177.74895004551743	2278	747	0.5100401606425703	164.0532395384613	2088	682	0.5087976539589443
Sylvester János: Újtestamentum, 1541	1541	Lk	17	213.38242643240184	2235	726	0.5426997245179064	200.49699932104403	2082	653	0.5467075038284839
Sylvester János: Újtestamentum, 1541	1541	Lk	18	221.76176155552423	2598	878	0.4988610478359909	202.99843450623047	2432	783	0.5019157088122606
Sylvester János: Újtestamentum, 1541	1541	Lk	19	223.75063408117043	2904	1031	0.481086323957323	210.43601323118475	2725	930	0.4870967741935484
Sylvester János: Újtestamentum, 1541	1541	Lk	20	198.32695808847282	2669	901	0.49944506104328523	180.99633059828824	2515	826	0.48426150121065376
Sylvester János: Újtestamentum, 1541	1541	Lk	21	198.65584667787948	2396	786	0.5012722646310432	188.11854434328623	2226	708	0.519774011299435
Sylvester János: Újtestamentum, 1541	1541	Lk	22	246.45646735516797	3862	1416	0.4449152542372881	228.19502155128973	3612	1274	0.4403453689167975
Sylvester János: Újtestamentum, 1541	1541	Lk	23	217.60328146153157	3232	1170	0.4598290598290598	192.4694091828679	2991	1042	0.45681381957773515
Sylvester János: Újtestamentum, 1541	1541	Lk	24	205.7789796322477	3020	1040	0.4740384615384615	193.15876885096597	2820	921	0.49185667752442996
Sylvester János: Újtestamentum, 1541	1541	Jn	1	196.10943849823136	2630	996	0.4528112449799197	169.05044243537952	2418	898	0.43207126948775054
Sylvester János: Újtestamentum, 1541	1541	Jn	2	129.7409849087679	1479	496	0.5100806451612904	110.47189355471593	1382	453	0.4922737306843267
Sylvester János: Újtestamentum, 1541	1541	Jn	3	146.4607041999818	1964	731	0.4528043775649795	131.5767246317509	1843	690	0.43478260869565216
Sylvester János: Újtestamentum, 1541	1541	Jn	4	192.06664635359604	2868	1092	0.4267399267399267	171.85502410588845	2676	1007	0.41906653426017876
Sylvester János: Újtestamentum, 1541	1541	Jn	5	183.69503125436535	2651	1009	0.43310208126858274	168.43600712650493	2453	919	0.41458106637649617
Sylvester János: Újtestamentum, 1541	1541	Jn	6	209.02161886228777	3646	1510	0.38145695364238413	190.6888395453084	3395	1392	0.3714080459770115
Sylvester János: Újtestamentum, 1541	1541	Jn	7	187.03194741411676	2765	1040	0.40673076923076923	172.66487187306407	2564	958	0.3935281837160752
Sylvester János: Újtestamentum, 1541	1541	Jn	8	189.19690512286587	3157	1255	0.3816733067729084	175.55205662366868	2941	1172	0.3677474402730375
Sylvester János: Újtestamentum, 1541	1541	Jn	9	162.28120151651765	2298	880	0.40454545454545454	141.14865361874968	2085	817	0.3671970624235006
Sylvester János: Újtestamentum, 1541	1541	Jn	10	162.65452930542688	2217	836	0.45095693779904306	151.46474088436395	2041	761	0.4467805519053876
Sylvester János: Újtestamentum, 1541	1541	Jn	11	182.73599065636606	3015	1150	0.4052173913043478	165.433738351823	2779	1047	0.3973256924546323
Sylvester János: Újtestamentum, 1541	1541	Jn	12	199.44750184533314	2946	1084	0.4381918819188192	185.96080594792545	2761	980	0.4346938775510204
Sylvester János: Újtestamentum, 1541	1541	Jn	13	174.50647032697654	2246	838	0.431980906921241	166.36765178725418	2086	762	0.4409448818897638
Sylvester János: Újtestamentum, 1541	1541	Jn	14	115.85426275774913	1758	690	0.4115942028985507	112.6700809507063	1606	624	0.40384615384615385
Sylvester János: Újtestamentum, 1541	1541	Jn	15	122.9479859266644	1583	572	0.4493006993006993	115.96744211367894	1433	496	0.45161290322580644
Sylvester János: Újtestamentum, 1541	1541	Jn	16	141.92159063940056	1922	725	0.4193103448275862	126.41651426189098	1744	657	0.4018264840182648
Sylvester János: Újtestamentum, 1541	1541	Jn	17	109.0194138642939	1443	587	0.39522998296422485	101.12537798290926	1312	519	0.37764932562620424
Sylvester János: Újtestamentum, 1541	1541	Jn	18	167.2506635012343	2527	950	0.41368421052631577	149.16856775778734	2327	872	0.40711009174311924
Sylvester János: Újtestamentum, 1541	1541	Jn	19	184.9913364078306	2762	1037	0.43876567020250723	166.43339915176003	2541	935	0.4299465240641711
Sylvester János: Újtestamentum, 1541	1541	Jn	20	142.9496319299602	1937	768	0.4192708333333333	132.13840091219302	1792	693	0.4227994227994228
Sylvester János: Újtestamentum, 1541	1541	Jn	21	164.24716156596494	1949	714	0.469187675070028	142.66476171837255	1821	664	0.4382530120481928
Heltai Gáspár: Újtestamentum, 1565	1565	Mt	1	180.63181043569895	1560	457	0.6367614879649891	167.81039586741772	1431	425	0.6211764705882353
Heltai Gáspár: Újtestamentum, 1565	1565	Mt	2	194.44420193600433	1849	552	0.5942028985507246	166.30969399802217	1629	481	0.5613305613305614
Heltai Gáspár: Újtestamentum, 1565	1565	Mt	3	154.4949236163485	1277	339	0.672566371681416	144.58042095989558	1175	304	0.6776315789473685
Heltai Gáspár: Újtestamentum, 1565	1565	Mt	4	165.68489720915017	1615	479	0.5908141962421712	141.72651165281837	1437	425	0.5647058823529412
Heltai Gáspár: Újtestamentum, 1565	1565	Mt	5	238.3523155047415	2779	900	0.52	207.79282941607724	2414	815	0.48711656441717793
Heltai Gáspár: Újtestamentum, 1565	1565	Mt	6	201.1049504064177	2281	742	0.5202156334231806	172.82808944620876	1954	677	0.4726735598227474
Heltai Gáspár: Újtestamentum, 1565	1565	Mt	7	159.42984711546956	1732	569	0.5325131810193322	143.1865974349499	1516	519	0.4913294797687861
Heltai Gáspár: Újtestamentum, 1565	1565	Mt	8	199.57136605516018	2219	692	0.5476878612716763	167.01503112833504	1949	619	0.5347334410339257
Heltai Gáspár: Újtestamentum, 1565	1565	Mt	9	189.4657363727895	2394	775	0.5045161290322581	163.3798400052219	2176	706	0.4830028328611898
Heltai Gáspár: Újtestamentum, 1565	1565	Mt	10	215.79980711911986	2546	816	0.5122549019607843	197.16240635902355	2263	722	0.4986149584487535
Heltai Gáspár: Újtestamentum, 1565	1565	Mt	11	192.7701284963083	1947	596	0.5604026845637584	171.82795561293318	1759	532	0.5413533834586466
Heltai Gáspár: Újtestamentum, 1565	1565	Mt	12	253.02367507841126	3037	1045	0.49569377990430624	216.87649908677014	2715	932	0.4688841201716738
Heltai Gáspár: Újtestamentum, 1565	1565	Mt	13	248.7850650889169	3312	1172	0.46928327645051193	219.98849504600813	2892	1028	0.44455252918287935
Heltai Gáspár: Újtestamentum, 1565	1565	Mt	14	187.05735225893346	2024	636	0.5550314465408805	165.3693013586362	1866	564	0.5585106382978723
Heltai Gáspár: Újtestamentum, 1565	1565	Mt	15	218.68926253248068	2306	704	0.5667613636363636	187.3602300741698	2044	630	0.5523809523809524
Heltai Gáspár: Újtestamentum, 1565	1565	Mt	16	198.55955742695127	1954	610	0.5426229508196722	173.30508205320947	1765	548	0.5291970802919708
Heltai Gáspár: Újtestamentum, 1565	1565	Mt	17	194.1043575023881	1816	546	0.5860805860805861	172.15818951764223	1668	495	0.5717171717171717
Heltai Gáspár: Újtestamentum, 1565	1565	Mt	18	219.8697301825838	2281	764	0.5117801047120419	212.0516558367584	2054	660	0.5151515151515151
Heltai Gáspár: Újtestamentum, 1565	1565	Mt	19	216.3492680981726	2082	627	0.5614035087719298	192.27863128045362	1859	567	0.54673721340388
Heltai Gáspár: Újtestamentum, 1565	1565	Mt	20	207.53038992191475	2115	663	0.55052790346908	193.3721679271798	1871	595	0.5462184873949579
Heltai Gáspár: Újtestamentum, 1565	1565	Mt	21	248.03607518730382	3081	984	0.5152439024390244	216.0180202441905	2716	873	0.49713631156930127
Heltai Gáspár: Újtestamentum, 1565	1565	Mt	22	214.83855389113768	2362	732	0.5601092896174863	181.23173311454832	2115	650	0.5261538461538462
Heltai Gáspár: Újtestamentum, 1565	1565	Mt	23	195.38489159250622	2327	755	0.5231788079470199	174.43786402550379	2061	663	0.5158371040723982
Heltai Gáspár: Újtestamentum, 1565	1565	Mt	24	227.96649877929124	2786	903	0.5227021040974529	203.453411684991	2458	808	0.5074257425742574
Heltai Gáspár: Újtestamentum, 1565	1565	Mt	25	209.2050536041761	2426	866	0.46997690531177827	183.19645348335965	2114	784	0.4375
Heltai Gáspár: Újtestamentum, 1565	1565	Mt	26	296.85615145266166	4062	1396	0.47707736389684813	266.6108757215982	3630	1250	0.4672
Heltai Gáspár: Újtestamentum, 1565	1565	Mt	27	292.33084693234923	3683	1216	0.5106907894736842	257.77759783846847	3298	1074	0.49813780260707635
Heltai Gáspár: Újtestamentum, 1565	1565	Mt	28	157.62854247604196	1363	392	0.6352040816326531	134.46075993785288	1227	347	0.5994236311239193
Heltai Gáspár: Újtestamentum, 1565	1565	Mk	1	224.00685941105445	2593	800	0.5525	188.35181528154695	2332	708	0.536723163841808
Heltai Gáspár: Újtestamentum, 1565	1565	Mk	2	164.9933001360473	1816	600	0.5383333333333333	145.35379873419276	1676	542	0.52214022140221406
Heltai Gáspár: Újtestamentum, 1565	1565	Mk	3	162.6233816080958	1915	606	0.5379537953795379	148.9538726024451	1764	543	0.5322283609576427
Heltai Gáspár: Újtestamentum, 1565	1565	Mk	4	185.30440014143778	2253	756	0.5066137566137566	169.55778157643985	2003	670	0.5059701492537313
Heltai Gáspár: Újtestamentum, 1565	1565	Mk	5	180.1076544911094	2437	831	0.4897713598074609	167.93644932976844	2228	739	0.4952638700947226
Heltai Gáspár: Újtestamentum, 1565	1565	Mk	6	240.35349486630997	3362	1123	0.5040071237756011	211.89069427248808	3081	995	0.5065326633165829
Heltai Gáspár: Újtestamentum, 1565	1565	Mk	7	211.8100807116301	2296	712	0.5575842696629213	191.6867631294961	2059	617	0.5607779578606159
Heltai Gáspár: Újtestamentum, 1565	1565	Mk	8	210.28724533268317	2270	729	0.5404663923182441	178.91869545337678	2005	631	0.5309033280507132
Heltai Gáspár: Újtestamentum, 1565	1565	Mk	9	255.54900522568457	2985	1023	0.5034213098729228	233.5510248923055	2649	894	0.4955257270693512
Heltai Gáspár: Újtestamentum, 1565	1565	Mk	10	247.90479229817447	3069	1020	0.5068627450980392	219.1593060207071	2716	885	0.4994350282485876
Heltai Gáspár: Újtestamentum, 1565	1565	Mk	11	201.07233168773635	2041	645	0.5472868217054263	173.91395873794048	1823	563	0.5381882770870338
Heltai Gáspár: Újtestamentum, 1565	1565	Mk	12	225.1983342513289	2862	935	0.5080213903743316	209.03990396328075	2571	833	0.5066026410564226
Heltai Gáspár: Újtestamentum, 1565	1565	Mk	13	203.42709818029132	2264	695	0.5539568345323741	184.74266034568203	2050	625	0.5472
Heltai Gáspár: Újtestamentum, 1565	1565	Mk	14	270.85516382415875	4024	1391	0.4716031631919482	237.58298080939255	3599	1236	0.4571197411003236
Heltai Gáspár: Újtestamentum, 1565	1565	Mk	15	229.37739517879766	2614	813	0.5510455104551045	197.3765456831316	2354	717	0.5355648535564853
Heltai Gáspár: Újtestamentum, 1565	1565	Mk	16	156.58255215658843	1369	393	0.628498727735369	141.17613887347522	1230	335	0.6298507462686567
Heltai Gáspár: Újtestamentum, 1565	1565	Lk	1	260.207897302714	3927	1314	0.4977168949771689	228.35633716945878	3555	1179	0.4817642069550466
Heltai Gáspár: Újtestamentum, 1565	1565	Lk	2	227.59755597451192	2900	950	0.5273684210526316	188.0077581165559	2651	851	0.5029377203290247
Heltai Gáspár: Újtestamentum, 1565	1565	Lk	3	143.79008758535247	2173	728	0.5151098901098901	126.14618241193341	2050	656	0.5060975609756098
Heltai Gáspár: Újtestamentum, 1565	1565	Lk	4	228.0967571571154	2732	874	0.5377574370709383	193.92220399408595	2454	773	0.517464424320828
Heltai Gáspár: Újtestamentum, 1565	1565	Lk	5	216.01299838169103	2635	836	0.5382775119617225	189.21345410080986	2371	741	0.5317139001349528
Heltai Gáspár: Újtestamentum, 1565	1565	Lk	6	238.0016650479362	3119	1055	0.5042654028436019	223.8145473489197	2818	935	0.493048128342246
Heltai Gáspár: Újtestamentum, 1565	1565	Lk	7	248.16097188149104	3271	1057	0.5004730368968779	236.07923019329414	2971	965	0.49948186528497407
Heltai Gáspár: Újtestamentum, 1565	1565	Lk	8	246.26473275727858	3672	1283	0.47388932190179267	222.82009786169166	3317	1129	0.47475642161204606
Heltai Gáspár: Újtestamentum, 1565	1565	Lk	9	284.21636417391136	4054	1356	0.4808259587020649	272.69026630714234	3670	1204	0.4883720930232558
Heltai Gáspár: Újtestamentum, 1565	1565	Lk	10	255.66886758871993	2728	853	0.5486518171160609	234.31401623742423	2434	763	0.5439056356487549
Heltai Gáspár: Újtestamentum, 1565	1565	Lk	11	291.96823434931326	3469	1115	0.5291479820627802	267.31758032127215	3142	1004	0.5189243027888446
Heltai Gáspár: Újtestamentum, 1565	1565	Lk	12	299.07614531428834	3673	1165	0.51931330472103	266.09310221182403	3243	1040	0.5028846153846154
Heltai Gáspár: Újtestamentum, 1565	1565	Lk	13	230.93209560657152	2409	729	0.5569272976680384	197.79946448956986	2157	651	0.5299539170506913
Heltai Gáspár: Újtestamentum, 1565	1565	Lk	14	224.7949968226632	2198	682	0.5586510263929618	206.38585830551398	1990	599	0.5509181969949917
Heltai Gáspár: Újtestamentum, 1565	1565	Lk	15	177.3593714847924	1965	650	0.52	164.56760152811512	1780	567	0.5255731922398589
Heltai Gáspár: Újtestamentum, 1565	1565	Lk	16	192.9069111466911	2126	660	0.5393939393939394	176.08367613995162	1927	584	0.5496575342465754
Heltai Gáspár: Újtestamentum, 1565	1565	Lk	17	223.98610454912617	2213	696	0.5502873563218391	203.60015009500947	1962	598	0.5434782608695652
Heltai Gáspár: Újtestamentum, 1565	1565	Lk	18	241.6850532120897	2481	766	0.5352480417754569	224.0772180580405	2246	684	0.5482456140350878
Heltai Gáspár: Újtestamentum, 1565	1565	Lk	19	238.37579885425308	2710	908	0.5099118942731278	224.03417288383935	2482	802	0.5211970074812967
Heltai Gáspár: Újtestamentum, 1565	1565	Lk	20	238.08254958188797	2668	828	0.5422705314009661	222.4904529552816	2402	740	0.5324324324324324
Heltai Gáspár: Újtestamentum, 1565	1565	Lk	21	211.76532307540757	2256	674	0.5741839762611276	191.6420443380523	2063	595	0.573109243697479
Heltai Gáspár: Újtestamentum, 1565	1565	Lk	22	275.67288517997565	3686	1241	0.47784045124899277	250.0296400464526	3302	1102	0.47186932849364793
Heltai Gáspár: Újtestamentum, 1565	1565	Lk	23	257.4787921595963	3116	1011	0.5143422354104846	230.74246096990458	2788	891	0.5117845117845118
Heltai Gáspár: Újtestamentum, 1565	1565	Lk	24	247.16201964921498	2894	934	0.5278372591006424	215.05747211977177	2613	801	0.5255930087390761
Heltai Gáspár: Újtestamentum, 1565	1565	Jn	1	225.26610509634887	2642	920	0.4815217391304348	197.59865875831747	2354	827	0.4534461910519952
Heltai Gáspár: Újtestamentum, 1565	1565	Jn	2	155.68939522743912	1495	471	0.5583864118895966	131.00649810569251	1369	415	0.54216867469879515
Heltai Gáspár: Újtestamentum, 1565	1565	Jn	3	179.41189315179437	1998	689	0.48911465892597966	168.22746756972262	1763	607	0.47775947281713343
Heltai Gáspár: Újtestamentum, 1565	1565	Jn	4	249.5945228757886	2933	1044	0.48946360153256707	223.754192731401	2616	939	0.4653887113951012
Heltai Gáspár: Újtestamentum, 1565	1565	Jn	5	214.7852617756419	2641	935	0.4716577540106952	194.09016153681327	2313	816	0.4583333333333333
Heltai Gáspár: Újtestamentum, 1565	1565	Jn	6	254.09295230772776	3713	1400	0.40785714285714286	232.53582297993924	3257	1239	0.4019370460048426
Heltai Gáspár: Újtestamentum, 1565	1565	Jn	7	220.41355836063815	2692	938	0.46375266524520253	196.12203357278256	2365	833	0.4381752701080432
Heltai Gáspár: Újtestamentum, 1565	1565	Jn	8	234.32177039297747	3248	1194	0.423785594639866	199.13407365833015	2854	1063	0.3913452492944497
Heltai Gáspár: Újtestamentum, 1565	1565	Jn	9	159.3192978165533	2140	793	0.4047919293820933	154.22419560977102	1902	713	0.4011220196353436
Heltai Gáspár: Újtestamentum, 1565	1565	Jn	10	192.1753405078681	2219	770	0.4935064935064935	170.2246803622198	1923	686	0.46938775510204084
Heltai Gáspár: Újtestamentum, 1565	1565	Jn	11	215.18020767937108	3009	1065	0.4413145539906103	199.70890139590242	2702	947	0.4382259767687434
Heltai Gáspár: Újtestamentum, 1565	1565	Jn	12	237.3665654057532	2939	1018	0.47347740667976423	227.69494914618906	2633	879	0.4789533560864619
Heltai Gáspár: Újtestamentum, 1565	1565	Jn	13	196.06863211235012	2148	753	0.47941567065073043	190.9184820410852	1930	653	0.49617151607963245
Heltai Gáspár: Újtestamentum, 1565	1565	Jn	14	145.24860947950282	1800	650	0.4553846153846154	132.79862914259968	1565	564	0.4450354609929078
Heltai Gáspár: Újtestamentum, 1565	1565	Jn	15	137.9688613851528	1570	548	0.4762773722627737	131.73160863062125	1398	469	0.48187633262260127
Heltai Gáspár: Újtestamentum, 1565	1565	Jn	16	165.85951845599521	1902	667	0.46026986506746626	144.70928986738355	1650	584	0.4469178082191781
Heltai Gáspár: Újtestamentum, 1565	1565	Jn	17	128.938443176362	1476	561	0.42602495543672014	112.64856866824125	1284	479	0.407098121085595
Heltai Gáspár: Újtestamentum, 1565	1565	Jn	18	202.99159172875218	2498	881	0.452894438138479	175.25719049421878	2235	798	0.42105263157894735
Heltai Gáspár: Újtestamentum, 1565	1565	Jn	19	231.72690162150604	2784	919	0.4809575625680087	209.646288650923	2486	812	0.4827586206896552
Heltai Gáspár: Újtestamentum, 1565	1565	Jn	20	164.00008380772658	1809	634	0.4810725552050473	143.11488420180058	1610	561	0.47058823529411764
Heltai Gáspár: Újtestamentum, 1565	1565	Jn	21	164.37370659370615	1826	622	0.4807073954983923	144.68302153705625	1632	565	0.45309734513274336
Károli Gáspár Vizsolyi Bibliája, 1590	1590	Mt	1	162.693273026846	1341	419	0.639618138424821	124.09563017177105	1205	367	0.6021798365122616
Károli Gáspár Vizsolyi Bibliája, 1590	1590	Mt	2	183.32029004710787	1813	592	0.5489864864864865	142.66388513637864	1636	501	0.5229540918163673
Károli Gáspár Vizsolyi Bibliája, 1590	1590	Mt	3	155.95427579197906	1389	402	0.6144278606965174	133.94767244784842	1266	334	0.6317365269461078
Károli Gáspár Vizsolyi Bibliája, 1590	1590	Mt	4	166.82755930005263	1647	497	0.5814889336016097	133.59936517090298	1499	437	0.5537757437070938
Károli Gáspár Vizsolyi Bibliája, 1590	1590	Mt	5	231.9579672326015	2796	958	0.5031315240083507	193.85984920369975	2486	832	0.49278846153846156
Károli Gáspár Vizsolyi Bibliája, 1590	1590	Mt	6	192.7147077726817	2246	792	0.48484848484848486	163.354902683454	2013	694	0.4711815561959654
Károli Gáspár Vizsolyi Bibliája, 1590	1590	Mt	7	163.75148458965674	1694	582	0.5395189003436426	146.23265474928687	1522	501	0.530938123752495
Károli Gáspár Vizsolyi Bibliája, 1590	1590	Mt	8	194.99237281114682	2192	725	0.5282758620689655	159.65844204817938	2023	629	0.534181240063593
Károli Gáspár Vizsolyi Bibliája, 1590	1590	Mt	9	192.10957654071825	2457	845	0.493491124260355	159.8929394100882	2231	732	0.4918032786885246
Károli Gáspár Vizsolyi Bibliája, 1590	1590	Mt	10	231.56030821820528	2607	872	0.5229357798165137	201.95685481344276	2346	749	0.514018691588785
Károli Gáspár Vizsolyi Bibliája, 1590	1590	Mt	11	184.88402896092396	1938	627	0.5422647527910686	160.1067659764718	1781	542	0.5479704797047971
Károli Gáspár Vizsolyi Bibliája, 1590	1590	Mt	12	229.96173238498022	3007	1053	0.4890788224121557	199.93692718468796	2694	924	0.4686147186147186
Károli Gáspár Vizsolyi Bibliája, 1590	1590	Mt	13	244.28257032273345	3318	1269	0.4570527974783294	195.0347288393014	2970	1074	0.43482309124767227
Károli Gáspár Vizsolyi Bibliája, 1590	1590	Mt	14	183.95966183169256	2018	691	0.5383502170767004	141.05343932757575	1857	587	0.5315161839863713
Károli Gáspár Vizsolyi Bibliája, 1590	1590	Mt	15	201.85412309224216	2258	732	0.5327868852459017	171.24631086490865	2093	656	0.5259146341463414
Károli Gáspár Vizsolyi Bibliája, 1590	1590	Mt	16	206.19453647600292	1962	640	0.5578125	162.78454711529312	1777	558	0.5197132616487455
Károli Gáspár Vizsolyi Bibliája, 1590	1590	Mt	17	198.5395091491293	1878	604	0.5612582781456954	163.04642246019523	1718	525	0.5580952380952381
Károli Gáspár Vizsolyi Bibliája, 1590	1590	Mt	18	213.48305447879517	2244	793	0.5044136191677175	196.70078586765015	2003	666	0.5135135135135135
Károli Gáspár Vizsolyi Bibliája, 1590	1590	Mt	19	207.1771702897298	2036	630	0.5587301587301587	175.322401718295	1823	569	0.5307557117750439
Károli Gáspár Vizsolyi Bibliája, 1590	1590	Mt	20	189.50337363119272	2013	678	0.5132743362831859	161.88164747231338	1849	600	0.505
Károli Gáspár Vizsolyi Bibliája, 1590	1590	Mt	21	252.16185432815593	3090	1057	0.4966887417218543	206.14148941415166	2780	911	0.4961580680570801
Károli Gáspár Vizsolyi Bibliája, 1590	1590	Mt	22	225.41010167199997	2457	810	0.5493827160493827	172.4777542712185	2216	694	0.5187319884726225
Károli Gáspár Vizsolyi Bibliája, 1590	1590	Mt	23	212.06211105761804	2458	818	0.5183374083129584	167.84595910615337	2179	701	0.4964336661911555
Károli Gáspár Vizsolyi Bibliája, 1590	1590	Mt	24	234.42975732213563	2805	964	0.5134854771784232	197.55278706683768	2541	820	0.5085365853658537
Károli Gáspár Vizsolyi Bibliája, 1590	1590	Mt	25	225.62256759383024	2509	954	0.46645702306079667	180.46278291407612	2234	823	0.44349939246658565
Károli Gáspár Vizsolyi Bibliája, 1590	1590	Mt	26	307.8197735646289	4311	1532	0.4640992167101828	255.97729469633916	3863	1316	0.4506079027355623
Károli Gáspár Vizsolyi Bibliája, 1590	1590	Mt	27	285.82779840278306	3757	1325	0.4852830188679245	230.97580849433564	3387	1134	0.4708994708994709
Károli Gáspár Vizsolyi Bibliája, 1590	1590	Mt	28	152.97868540958652	1372	426	0.5774647887323944	127.45530610927132	1246	358	0.5949720670391061
Károli Gáspár Vizsolyi Bibliája, 1590	1590	Mk	1	213.10730861461502	2592	873	0.5200458190148912	164.1803515548727	2371	741	0.5101214574898786
Károli Gáspár Vizsolyi Bibliája, 1590	1590	Mk	2	179.60199019056358	1927	699	0.5078683834048641	133.56330950080746	1735	601	0.4858569051580699
Károli Gáspár Vizsolyi Bibliája, 1590	1590	Mk	3	188.87578408583363	1975	649	0.5485362095531587	153.24862087917998	1804	558	0.5376344086021505
Károli Gáspár Vizsolyi Bibliája, 1590	1590	Mk	4	207.15362016384208	2312	838	0.4904534606205251	156.07686899407796	2036	705	0.4808510638297872
Károli Gáspár Vizsolyi Bibliája, 1590	1590	Mk	5	221.3872366462307	2569	905	0.5027624309392266	162.50135034739037	2284	778	0.480719794344473
Károli Gáspár Vizsolyi Bibliája, 1590	1590	Mk	6	260.4788323890703	3589	1268	0.47082018927444796	206.5875680345711	3276	1096	0.4708029197080292
Károli Gáspár Vizsolyi Bibliája, 1590	1590	Mk	7	220.3078609961076	2317	745	0.5677852348993289	175.83821477652026	2115	652	0.5444785276073619
Károli Gáspár Vizsolyi Bibliája, 1590	1590	Mk	8	210.76659680036025	2320	785	0.513375796178344	166.07867847631516	2047	669	0.4947683109118087
Károli Gáspár Vizsolyi Bibliája, 1590	1590	Mk	9	261.633632028355	3064	1112	0.48201438848920863	224.95103578591218	2760	948	0.48628691983122363
Károli Gáspár Vizsolyi Bibliája, 1590	1590	Mk	10	266.8057703937244	3161	1098	0.4854280510018215	206.05032924074956	2848	944	0.4671610169491525
Károli Gáspár Vizsolyi Bibliája, 1590	1590	Mk	11	211.3859054489562	2138	716	0.5321229050279329	165.2824199866929	1921	616	0.5064935064935064
Károli Gáspár Vizsolyi Bibliája, 1590	1590	Mk	12	246.09594158847088	2866	1012	0.4990118577075099	190.03277453440649	2594	865	0.4774566473988439
Károli Gáspár Vizsolyi Bibliája, 1590	1590	Mk	13	212.72706094977335	2322	764	0.5405759162303665	183.10540072467003	2142	667	0.5367316341829086
Károli Gáspár Vizsolyi Bibliája, 1590	1590	Mk	14	297.55478698508233	4197	1497	0.47160988643954577	233.55430218042048	3785	1289	0.45849495733126455
Károli Gáspár Vizsolyi Bibliája, 1590	1590	Mk	15	224.16990624827832	2648	893	0.522956326987682	176.21257588506634	2409	765	0.5098039215686274
Károli Gáspár Vizsolyi Bibliája, 1590	1590	Mk	16	162.31918896784873	1416	440	0.6022727272727273	131.69359799685046	1281	367	0.6021798365122616
Károli Gáspár Vizsolyi Bibliája, 1590	1590	Lk	1	272.7169928676312	4194	1510	0.4682119205298013	204.7088200226424	3771	1298	0.4530046224961479
Károli Gáspár Vizsolyi Bibliája, 1590	1590	Lk	2	235.44686797961185	3094	1047	0.5023877745940784	176.15072382446584	2804	912	0.48355263157894735
Károli Gáspár Vizsolyi Bibliája, 1590	1590	Lk	3	155.64835601820653	2245	761	0.5164257555847569	123.54567217558339	2081	678	0.504424778761062
Károli Gáspár Vizsolyi Bibliája, 1590	1590	Lk	4	241.3121166055759	2807	957	0.5057471264367817	187.87052218553129	2518	814	0.49017199017199015
Károli Gáspár Vizsolyi Bibliája, 1590	1590	Lk	5	222.5676712091504	2711	924	0.4989177489177489	178.21752420174627	2491	802	0.49875311720698257
Károli Gáspár Vizsolyi Bibliája, 1590	1590	Lk	6	262.8762658717069	3281	1175	0.48425531914893616	199.260355718335	2970	1010	0.46831683168316834
Károli Gáspár Vizsolyi Bibliája, 1590	1590	Lk	7	262.6808622840562	3381	1175	0.4851063829787234	209.95058353442056	3021	1025	0.4682926829268293
Károli Gáspár Vizsolyi Bibliája, 1590	1590	Lk	8	248.68979347605705	3692	1389	0.435565154787617	199.98725727556516	3329	1184	0.4341216216216216
Károli Gáspár Vizsolyi Bibliája, 1590	1590	Lk	9	289.729134213466	4008	1439	0.46143154968728284	241.86190368488775	3605	1216	0.4629934210526316
Károli Gáspár Vizsolyi Bibliája, 1590	1590	Lk	10	253.82468929543495	2813	933	0.5219721329046088	220.8249695478309	2556	796	0.5263819095477387
Károli Gáspár Vizsolyi Bibliája, 1590	1590	Lk	11	303.10167829449546	3690	1277	0.4941268598277212	266.29053255251904	3300	1067	0.5023430178069354
Károli Gáspár Vizsolyi Bibliája, 1590	1590	Lk	12	287.1122831373027	3745	1277	0.4917776037588097	242.93225361065313	3359	1103	0.4841341795104261
Károli Gáspár Vizsolyi Bibliája, 1590	1590	Lk	13	242.08980530132223	2455	794	0.5453400503778337	185.43329267063095	2237	670	0.5268656716417911
Károli Gáspár Vizsolyi Bibliája, 1590	1590	Lk	14	231.03337294882468	2264	743	0.5370121130551817	198.2461242940961	2046	625	0.5312
Károli Gáspár Vizsolyi Bibliája, 1590	1590	Lk	15	184.73703846936337	2053	726	0.5013774104683195	153.03938111174196	1847	611	0.49263502454991814
Károli Gáspár Vizsolyi Bibliája, 1590	1590	Lk	16	185.51661812675118	2151	699	0.5407725321888412	146.58594524687254	1946	610	0.5114754098360655
Károli Gáspár Vizsolyi Bibliája, 1590	1590	Lk	17	225.07412058618343	2214	732	0.5491803278688525	184.62284776769852	1996	616	0.5308441558441559
Károli Gáspár Vizsolyi Bibliája, 1590	1590	Lk	18	240.19739342783072	2593	865	0.5283236994219653	207.56018968974158	2322	736	0.5190217391304348
Károli Gáspár Vizsolyi Bibliája, 1590	1590	Lk	19	245.44083421314426	2740	966	0.5072463768115942	203.03741280901934	2497	823	0.503037667071689
Károli Gáspár Vizsolyi Bibliája, 1590	1590	Lk	20	235.44800026169438	2666	904	0.5143805309734514	190.98090930666316	2388	769	0.4967490247074122
Károli Gáspár Vizsolyi Bibliája, 1590	1590	Lk	21	214.35890742535105	2350	730	0.5452054794520548	189.84534343265838	2137	635	0.552755905511811
Károli Gáspár Vizsolyi Bibliája, 1590	1590	Lk	22	278.6857704168815	3836	1368	0.4605263157894737	231.26069130018365	3444	1177	0.4468988954970263
Károli Gáspár Vizsolyi Bibliája, 1590	1590	Lk	23	250.39175938089292	3158	1100	0.49	202.33019774718525	2854	947	0.47729672650475186
Károli Gáspár Vizsolyi Bibliája, 1590	1590	Lk	24	234.81348373329337	2934	1005	0.49154228855721394	195.09571222067797	2669	844	0.495260663507109
Károli Gáspár Vizsolyi Bibliája, 1590	1590	Jn	1	222.82619369440764	2695	987	0.47213779128672745	178.56943321845964	2388	845	0.44260355029585796
Károli Gáspár Vizsolyi Bibliája, 1590	1590	Jn	2	154.95476943974924	1519	490	0.5591836734693878	118.51761541099283	1361	416	0.53125
Károli Gáspár Vizsolyi Bibliája, 1590	1590	Jn	3	177.13320889664186	1997	730	0.4904109589041096	156.2689943068359	1771	629	0.47217806041335453
Károli Gáspár Vizsolyi Bibliája, 1590	1590	Jn	4	234.3865322542692	2988	1139	0.456540825285338	191.5246787030906	2634	971	0.4356333676622039
Károli Gáspár Vizsolyi Bibliája, 1590	1590	Jn	5	226.43084204098395	2672	972	0.49588477366255146	184.71270360849115	2355	825	0.46424242424242423
Károli Gáspár Vizsolyi Bibliája, 1590	1590	Jn	6	255.43924280044715	3567	1432	0.41131284916201116	219.03130630565153	3215	1249	0.400320256204964
Károli Gáspár Vizsolyi Bibliája, 1590	1590	Jn	7	200.00738827345313	2681	1019	0.43277723258096173	176.3556072686352	2412	889	0.4094488188976378
Károli Gáspár Vizsolyi Bibliája, 1590	1590	Jn	8	235.97532416953865	3242	1229	0.42717656631407647	184.69714986778422	2858	1069	0.3910196445275959
Károli Gáspár Vizsolyi Bibliája, 1590	1590	Jn	9	172.72784406312687	2153	829	0.42581423401688784	142.63339564452738	1926	729	0.38820301783264743
Károli Gáspár Vizsolyi Bibliája, 1590	1590	Jn	10	180.57478872435715	2112	783	0.4827586206896552	151.31662390313267	1922	688	0.4636627906976744
Károli Gáspár Vizsolyi Bibliája, 1590	1590	Jn	11	211.79161031192243	2974	1087	0.43698252069917204	178.0920532296941	2636	932	0.4302575107296137
Károli Gáspár Vizsolyi Bibliája, 1590	1590	Jn	12	223.6754343274926	2905	1041	0.4745437079731028	204.4070829747014	2616	892	0.476457399103139
Károli Gáspár Vizsolyi Bibliája, 1590	1590	Jn	13	210.87840991601578	2204	804	0.4975124378109453	176.90289132178927	1946	667	0.48125937031484256
Károli Gáspár Vizsolyi Bibliája, 1590	1590	Jn	14	140.5341881405695	1719	664	0.4382530120481928	126.69928617670219	1509	558	0.4336917562724014
Károli Gáspár Vizsolyi Bibliája, 1590	1590	Jn	15	142.744163861585	1608	581	0.46815834767641995	119.78123588977805	1402	479	0.46555323590814196
Károli Gáspár Vizsolyi Bibliája, 1590	1590	Jn	16	152.41787243259014	1783	666	0.4369369369369369	139.71737994757942	1594	572	0.4423076923076923
Károli Gáspár Vizsolyi Bibliája, 1590	1590	Jn	17	140.51431678865603	1506	590	0.45932203389830506	109.74528051175193	1299	490	0.4142857142857143
Károli Gáspár Vizsolyi Bibliája, 1590	1590	Jn	18	190.28015913459967	2482	920	0.4315217391304348	152.436184612397	2226	805	0.40869565217391307
Károli Gáspár Vizsolyi Bibliája, 1590	1590	Jn	19	225.2365951561569	2812	986	0.4766734279918864	183.25824311587203	2492	843	0.4578884934756821
Károli Gáspár Vizsolyi Bibliája, 1590	1590	Jn	20	152.97428841058687	1796	676	0.45857988165680474	130.71796077580896	1626	599	0.4540901502504174
Károli Gáspár Vizsolyi Bibliája, 1590	1590	Jn	21	179.04666668265645	1872	654	0.4892966360856269	144.46585969058188	1669	573	0.45898778359511344
Káldi György fordítása, 1626	1626	Mt	1	125.97023035765335	1332	429	0.578088578088578	102.36366783408866	1166	384	0.546875
Káldi György fordítása, 1626	1626	Mt	2	161.6473258677986	1647	496	0.5665322580645161	148.50356845686275	1424	420	0.5785714285714286
Káldi György fordítása, 1626	1626	Mt	3	152.23100221105966	1266	331	0.6586102719033232	134.0423868291756	1091	279	0.6774193548387096
Káldi György fordítása, 1626	1626	Mt	4	170.9142417314598	1602	459	0.616557734204793	134.4295964540577	1409	402	0.582089552238806
Káldi György fordítása, 1626	1626	Mt	5	201.27138917240666	2619	872	0.4954128440366973	183.8811182474999	2270	761	0.48620236530880423
Káldi György fordítása, 1626	1626	Mt	6	185.77538408668005	2110	704	0.4928977272727273	146.9494318848028	1782	615	0.45203252032520325
Káldi György fordítása, 1626	1626	Mt	7	152.25516123991343	1663	555	0.5135135135135135	144.17035470741646	1452	493	0.5050709939148073
Káldi György fordítása, 1626	1626	Mt	8	186.1369532813885	2111	639	0.5586854460093896	155.58453734023811	1803	554	0.5541516245487365
Káldi György fordítása, 1626	1626	Mt	9	193.0509364083529	2276	723	0.5297372060857538	152.36058674133906	1953	628	0.5031847133757962
Káldi György fordítása, 1626	1626	Mt	10	197.17218405426203	2460	800	0.50125	181.0739727445318	2160	692	0.5
Káldi György fordítása, 1626	1626	Mt	11	198.45880555301667	1925	569	0.5922671353251318	173.47847171951543	1665	482	0.5871369294605809
Káldi György fordítása, 1626	1626	Mt	12	224.44428090976743	2870	976	0.48770491803278687	203.06560854178048	2501	854	0.48711943793911006
Káldi György fordítása, 1626	1626	Mt	13	214.68497357008872	3154	1187	0.43555181128896375	193.5694441984073	2741	974	0.4517453798767967
Káldi György fordítása, 1626	1626	Mt	14	178.83063872209297	1951	619	0.5638126009693053	149.61524184415742	1738	522	0.5708812260536399
Káldi György fordítása, 1626	1626	Mt	15	204.59693781903323	2169	689	0.5602322206095791	176.44370477902336	1913	594	0.5521885521885522
Káldi György fordítása, 1626	1626	Mt	16	180.81499125778672	1832	576	0.5329861111111112	157.198119883714	1628	504	0.5238095238095238
Káldi György fordítása, 1626	1626	Mt	17	170.43094498095164	1750	529	0.555765595463138	153.4917681419543	1569	478	0.5606694560669456
Káldi György fordítása, 1626	1626	Mt	18	197.81155877329294	2186	763	0.4836173001310616	186.03707338462402	1904	631	0.4960380348652932
Káldi György fordítása, 1626	1626	Mt	19	197.16962046307358	1908	587	0.5587734241908007	167.10149835306748	1647	506	0.5335968379446641
Káldi György fordítása, 1626	1626	Mt	20	183.8192128001191	1888	603	0.5290215588723052	172.63206354722368	1663	524	0.5534351145038168
Káldi György fordítása, 1626	1626	Mt	21	215.90236455158765	2941	980	0.4826530612244898	196.04937200981666	2563	844	0.4976303317535545
Káldi György fordítása, 1626	1626	Mt	22	211.48642576366592	2313	722	0.5554016620498615	174.47143789284746	2012	623	0.5425361155698234
Káldi György fordítása, 1626	1626	Mt	23	185.8186122826468	2264	767	0.49934810951760106	155.52146129069487	1994	642	0.49221183800623053
Káldi György fordítása, 1626	1626	Mt	24	216.12760172441077	2654	904	0.5022123893805309	189.26393387504484	2324	759	0.5111989459815547
Káldi György fordítása, 1626	1626	Mt	25	202.83781246854386	2323	843	0.46737841043890865	172.77203918867593	2005	729	0.4458161865569273
Káldi György fordítása, 1626	1626	Mt	26	299.55735122569314	4064	1372	0.47303206997084546	261.855931266687	3540	1182	0.47292724196277497
Káldi György fordítása, 1626	1626	Mt	27	276.01777542316523	3646	1209	0.48966087675765096	247.69054018603913	3143	1019	0.5024533856722276
Káldi György fordítása, 1626	1626	Mt	28	141.07972106611362	1270	377	0.6127320954907162	126.31584726604233	1120	313	0.6230031948881789
Káldi György fordítása, 1626	1626	Mk	1	192.1476581937994	2475	786	0.5203562340966921	160.1393804875317	2214	680	0.5220588235294118
Káldi György fordítása, 1626	1626	Mk	2	173.66207712353858	1901	623	0.5296950240770465	145.43429714737988	1662	536	0.5317164179104478
Káldi György fordítása, 1626	1626	Mk	3	148.30998658830842	1795	578	0.513840830449827	129.50191525948327	1611	503	0.5228628230616302
Káldi György fordítása, 1626	1626	Mk	4	165.51389195088723	2116	760	0.45789473684210524	147.9256641460784	1861	646	0.47058823529411764
Káldi György fordítása, 1626	1626	Mk	5	175.67258068484674	2376	801	0.48314606741573035	153.02263714793924	2124	697	0.4935437589670014
Káldi György fordítása, 1626	1626	Mk	6	224.6549437653077	3221	1110	0.4837837837837838	189.4401678426529	2849	956	0.4884937238493724
Káldi György fordítása, 1626	1626	Mk	7	201.85115453028982	2225	704	0.5525568181818182	170.6414978876601	1941	602	0.5348837209302325
Káldi György fordítása, 1626	1626	Mk	8	193.1749880310877	2123	683	0.5329428989751098	170.73229157996508	1885	596	0.5385906040268457
Káldi György fordítása, 1626	1626	Mk	9	236.01360522822426	2913	996	0.4899598393574297	208.52914364394596	2542	851	0.4900117508813161
Káldi György fordítása, 1626	1626	Mk	10	241.14660685046073	2994	973	0.5056526207605344	205.8853956684484	2623	842	0.5
Káldi György fordítása, 1626	1626	Mk	11	188.12365367746332	2065	664	0.5256024096385542	157.2931392716477	1760	563	0.5150976909413855
Káldi György fordítása, 1626	1626	Mk	12	230.93537848067928	2814	925	0.5070270270270271	198.43253379841633	2461	801	0.5056179775280899
Káldi György fordítása, 1626	1626	Mk	13	200.43604056087617	2216	701	0.5520684736091298	179.06740675181214	1944	601	0.562396006655574
Káldi György fordítása, 1626	1626	Mk	14	271.2428877262597	3954	1382	0.46599131693198265	239.31581412873874	3478	1178	0.4770797962648557
Káldi György fordítása, 1626	1626	Mk	15	215.5432982029342	2586	829	0.5235223160434258	172.23218759879776	2228	700	0.5185714285714286
Káldi György fordítása, 1626	1626	Mk	16	139.53587467710713	1315	377	0.5994694960212201	134.82816056150875	1173	317	0.6466876971608833
Káldi György fordítása, 1626	1626	Lk	1	251.15500509362982	3822	1322	0.4697428139183056	205.60394937943437	3353	1134	0.4620811287477954
Káldi György fordítása, 1626	1626	Lk	2	222.68868392755442	2923	946	0.5095137420718816	178.9456015856133	2540	795	0.5069182389937107
Káldi György fordítása, 1626	1626	Lk	3	145.64397761884035	2115	709	0.5246826516220028	124.21108467422529	1917	631	0.5198098256735341
Káldi György fordítása, 1626	1626	Lk	4	225.07026420926036	2654	845	0.5230769230769231	184.20118685647333	2341	731	0.5102599179206566
Káldi György fordítása, 1626	1626	Lk	5	213.36919640372798	2649	844	0.5343601895734598	180.5040768525385	2324	727	0.5281980742778541
Káldi György fordítása, 1626	1626	Lk	6	229.87070888666344	3177	1062	0.4934086629001883	206.83212789843594	2776	900	0.49666666666666665
Káldi György fordítása, 1626	1626	Lk	7	244.98950077701807	3187	1040	0.5076923076923077	219.26879491032125	2752	882	0.5045351473922902
Káldi György fordítása, 1626	1626	Lk	8	224.3802568379412	3575	1257	0.4494828957836118	199.82621953520064	3163	1071	0.4603174603174603
Káldi György fordítása, 1626	1626	Lk	9	266.78682518685997	3871	1284	0.48286604361370716	240.36393216802819	3407	1109	0.49413886384129846
Káldi György fordítása, 1626	1626	Lk	10	247.51541334470747	2721	853	0.5439624853458382	214.87325925953135	2379	741	0.5330634278002699
Káldi György fordítása, 1626	1626	Lk	11	281.5806770694327	3410	1128	0.5097517730496454	248.80705948796233	2983	975	0.5087179487179487
Káldi György fordítása, 1626	1626	Lk	12	268.1047908564522	3607	1196	0.4983277591973244	243.25188553933697	3134	1014	0.4970414201183432
Káldi György fordítása, 1626	1626	Lk	13	224.6335602523777	2398	722	0.5554016620498615	187.83503746693808	2059	623	0.5393258426966292
Káldi György fordítása, 1626	1626	Lk	14	199.78124321232818	2173	703	0.5248933143669986	178.2711421627802	1875	590	0.5254237288135594
Káldi György fordítása, 1626	1626	Lk	15	175.82019794077954	1960	680	0.5044117647058823	143.42465757981637	1672	565	0.4902654867256637
Káldi György fordítása, 1626	1626	Lk	16	202.30746360013563	2166	669	0.5605381165919282	167.54204894166332	1851	572	0.5437062937062938
Káldi György fordítása, 1626	1626	Lk	17	192.7499011704711	2103	668	0.5269461077844312	182.31352128144871	1839	567	0.5414462081128748
Káldi György fordítása, 1626	1626	Lk	18	227.9361866842441	2393	753	0.5351925630810093	199.09359520364876	2097	643	0.5412130637636081
Káldi György fordítása, 1626	1626	Lk	19	229.6712820211681	2679	890	0.5112359550561798	203.31483095556052	2356	759	0.5217391304347826
Káldi György fordítása, 1626	1626	Lk	20	218.9275218502591	2624	837	0.5185185185185185	193.55257865460698	2247	719	0.5159944367176634
Káldi György fordítása, 1626	1626	Lk	21	187.82434405947512	2163	654	0.5428134556574924	176.03642897270873	1908	566	0.5742049469964664
Káldi György fordítása, 1626	1626	Lk	22	248.17434193794801	3624	1247	0.45228548516439454	227.6746887682874	3178	1071	0.46591970121381887
Káldi György fordítása, 1626	1626	Lk	23	239.14064068185695	3077	985	0.5076142131979695	197.99103007995112	2645	858	0.4988344988344988
Káldi György fordítása, 1626	1626	Lk	24	230.2072852926634	2857	918	0.5294117647058824	191.3926770626401	2483	764	0.5274869109947644
Káldi György fordítása, 1626	1626	Jn	1	197.58397471166896	2533	893	0.46360582306830905	174.6152767005939	2194	785	0.44713375796178345
Káldi György fordítása, 1626	1626	Jn	2	141.86367609458333	1496	466	0.5450643776824035	109.7354372456936	1290	402	0.5199004975124378
Káldi György fordítása, 1626	1626	Jn	3	166.52828486056126	2009	712	0.4705056179775281	156.2685840689005	1706	606	0.47029702970297027
Káldi György fordítása, 1626	1626	Jn	4	207.93255264389035	2819	1016	0.43503937007874016	193.81816308384995	2495	895	0.43910614525139663
Káldi György fordítása, 1626	1626	Jn	5	208.80006650189284	2570	927	0.4519956850053937	184.61310593174164	2233	788	0.4479695431472081
Káldi György fordítása, 1626	1626	Jn	6	231.47274601626992	3491	1360	0.3911764705882353	213.03313132398648	3045	1180	0.3906779661016949
Káldi György fordítása, 1626	1626	Jn	7	204.97682373017793	2720	979	0.4351378958120531	180.16758663432992	2354	844	0.41824644549763035
Káldi György fordítása, 1626	1626	Jn	8	211.8555544534995	3090	1164	0.4115120274914089	184.5508209128237	2683	1011	0.3926805143422354
Káldi György fordítása, 1626	1626	Jn	9	155.34726852481748	2120	772	0.405440414507772	141.51351864409074	1831	686	0.3935860058309038
Káldi György fordítása, 1626	1626	Jn	10	174.68204328562518	2097	742	0.47304582210242585	154.501902625726	1856	662	0.46676737160120846
Káldi György fordítása, 1626	1626	Jn	11	212.37608672621653	2948	1041	0.43611911623439004	194.26936487419948	2569	900	0.44666666666666666
Káldi György fordítása, 1626	1626	Jn	12	221.17543911403826	2895	982	0.47352342158859473	215.63480216162665	2568	833	0.49459783913565425
Káldi György fordítása, 1626	1626	Jn	13	195.80644633495555	2196	768	0.4674479166666667	176.95433708119097	1892	649	0.47919876733436056
Káldi György fordítása, 1626	1626	Jn	14	146.0282658919274	1747	649	0.44992295839753466	124.88883859799806	1498	558	0.43548387096774194
Káldi György fordítása, 1626	1626	Jn	15	132.531405202054	1531	553	0.4484629294755877	115.59531332617777	1324	464	0.4504310344827586
Káldi György fordítása, 1626	1626	Jn	16	149.0289485233714	1832	672	0.43452380952380953	126.40196891397589	1552	572	0.4160839160839161
Káldi György fordítása, 1626	1626	Jn	17	113.45873026968836	1438	562	0.40213523131672596	105.48018523162564	1233	475	0.40842105263157896
Káldi György fordítása, 1626	1626	Jn	18	190.16408714297495	2434	859	0.43538998835855647	159.89103822362495	2097	743	0.4199192462987887
Káldi György fordítása, 1626	1626	Jn	19	214.013734175716	2818	935	0.47914438502673795	186.856261378134	2393	806	0.47518610421836227
Káldi György fordítása, 1626	1626	Jn	20	165.35601161516647	1917	675	0.4740740740740741	141.96203533311026	1641	582	0.4725085910652921
Káldi György fordítása, 1626	1626	Jn	21	173.86823817966157	1815	612	0.5016339869281046	146.35389912238125	1565	538	0.4758364312267658
